0343c99e-bd5e-4887-aa21-94875b8dfba3,2023-10-24T23:30:00Z,DEN,LAL
b06ae4da-247e-4696-973a-7f1cbd813fec,2023-10-25T02:00:00Z,GSW,PHX
2ccf34f5-0139-4b4d-b84e-810af53ea9ba,2023-10-25T23:00:00Z,CHA,ATL
51285ac5-dfed-411a-bd1c-508a9626d1c3,2023-10-25T23:00:00Z,IND,WAS
6731c976-ade6-4b15-8dea-d2c4ecf30bab,2023-10-25T23:00:00Z,NYK,BOS
c1400615-3fbf-4260-aa8f-fd8fcfa8d882,2023-10-25T23:00:00Z,ORL,HOU
7ae53c5a-02da-430a-a898-9fbcf42ac51f,2023-10-25T23:30:00Z,TOR,MIN
837392ae-4d86-4211-a765-83ee623da415,2023-10-25T23:30:00Z,MIA,DET
b6721274-4b17-4514-bed5-90a923f448f2,2023-10-25T23:30:00Z,BKN,CLE
5fba305d-f6c5-4112-9bc9-6b7d40dfd59e,2023-10-26T00:00:00Z,MEM,NOP
d4a0d3a1-e413-4489-80bf-6bdbdd440396,2023-10-26T00:00:00Z,CHI,OKC
d7dcaee9-5bfe-4b48-bc33-f823057ee8d0,2023-10-26T01:00:00Z,UTA,SAC
298c6a8b-067b-4276-a199-288b050e150a,2023-10-26T01:30:00Z,SAS,DAL
9a2c1345-f0d8-4a91-bb8f-40794b88e32a,2023-10-26T02:30:00Z,LAC,POR
bfa72fd7-aa50-4639-9a7b-433d87d3a744,2023-10-26T23:30:00Z,MIL,PHI
6b977a9a-8eec-44c3-85ca-ec8787d7dad0,2023-10-27T02:00:00Z,LAL,PHX
3deca535-eb68-4569-bf74-ad87d3f9c9b0,2023-10-27T23:00:00Z,MEM,DEN
77e391ca-3f9d-4572-b0e9-f5f568038a0d,2023-10-27T23:00:00Z,CHA,DET
13348147-af5d-4ef1-af56-347a7e5bc3ca,2023-10-27T23:30:00Z,ATL,NYK
6151256d-e9c2-4597-84c4-b36c655b6979,2023-10-27T23:30:00Z,BOS,MIA
7dee1c5f-9325-4036-abc3-339f5d195231,2023-10-27T23:30:00Z,CLE,OKC
0d33827e-4922-4d8f-9e80-c7e6e5faf6e8,2023-10-28T00:00:00Z,SAS,HOU
e387b99e-1560-499a-87b3-95aec8daf004,2023-10-28T00:00:00Z,CHI,TOR
bde50f2c-675d-495e-91e7-5a5ae1a5c1e2,2023-10-28T00:30:00Z,DAL,BKN
a28d3d35-4a87-425e-94d5-450ca787f192,2023-10-28T01:30:00Z,UTA,LAC
936795ef-9600-429d-b45f-7de605df1858,2023-10-28T02:00:00Z,POR,ORL
f83ff8fd-0690-4c6b-97ff-a705439e7a13,2023-10-28T02:00:00Z,SAC,GSW
5001805b-7ac4-43a0-96a0-8b77cb09016a,2023-10-28T23:00:00Z,NOP,NYK
9a2e3046-31ca-43f1-8639-726720c85576,2023-10-28T23:00:00Z,DET,CHI
b8e0cfa7-de49-4c93-aebc-5d896fd96333,2023-10-28T23:00:00Z,WAS,MEM
f6a50d0c-7e90-487a-babc-014ebfbbee4e,2023-10-28T23:30:00Z,CLE,IND
f8f77521-c8d7-4a11-a365-3796b1488def,2023-10-28T23:30:00Z,TOR,PHI
de924115-911d-4ac0-912c-3bdddc11ec65,2023-10-29T00:00:00Z,MIN,MIA
9393ca30-2192-4341-9770-20c95ff426b5,2023-10-29T02:00:00Z,PHX,UTA
215224f4-b431-4b5b-8fff-bff3c7e43708,2023-10-29T19:30:00Z,OKC,DEN
d2442e65-69a2-4623-9d5b-98838bce1fed,2023-10-29T23:00:00Z,MIL,ATL
d5c58540-c5da-4eaa-b6ff-18883c952ea5,2023-10-29T23:00:00Z,HOU,GSW
3adc4201-2c8e-4b9e-9825-e919d4d976f4,2023-10-29T23:30:00Z,PHI,POR
ae6d6283-bd65-42b4-ab26-8b5f7ceb6fe2,2023-10-30T01:00:00Z,SAC,LAL
e30dcb7e-302e-4c62-a2de-468ad67ce3d9,2023-10-30T01:00:00Z,LAC,SAS
442290c5-f55e-4b3c-9ae4-86a54cd4a5a4,2023-10-30T23:00:00Z,WAS,BOS
6a300504-dbfc-46b3-b06a-9c4655c8a51c,2023-10-30T23:00:00Z,IND,CHI
e3229eb1-c4bc-4c57-9dd5-7c042ed3f025,2023-10-30T23:00:00Z,CHA,BKN
740eec37-095d-4345-8d8d-94d60f74c98b,2023-10-30T23:30:00Z,TOR,POR
b351a040-af0a-4be4-9705-7332bfef5068,2023-10-30T23:30:00Z,ATL,MIN
2f02dee3-6f70-444c-bc00-95089bbd31cf,2023-10-31T00:00:00Z,OKC,DET
4350700b-55bd-427a-bb4e-aed47fb07167,2023-10-31T00:00:00Z,MEM,DAL
dac180fc-7c4e-4fe2-940c-a0c7f34c81ad,2023-10-31T00:00:00Z,NOP,GSW
fedaa6b6-196b-4ad2-af51-2b52350bca68,2023-10-31T00:00:00Z,MIL,MIA
ea69dc5c-f386-47e5-93da-9f17f1ebc6ac,2023-10-31T01:00:00Z,DEN,UTA
d10e69fa-0e80-47e5-8361-58b9573abf35,2023-10-31T02:30:00Z,LAL,ORL
2bbc5022-f1a7-49ca-bf05-3be3581713f9,2023-10-31T23:30:00Z,CLE,NYK
3d03bd2b-a31e-4b6d-8ffc-adae63a0e000,2023-11-01T02:00:00Z,PHX,SAS
1e4346ef-3a50-458d-bc0a-3550ac61997e,2023-11-01T02:30:00Z,LAC,ORL
49aee291-0d7a-4240-8e92-d89b3d154660,2023-11-01T23:00:00Z,TOR,MIL
d097f1f1-9bbb-48e6-a8cb-98968248ceda,2023-11-01T23:00:00Z,DET,POR
02bf9c0d-203d-4eca-87ca-8cc5d7845c7e,2023-11-01T23:30:00Z,OKC,NOP
0b9e93bf-ef93-4215-861a-aaba45ba386d,2023-11-01T23:30:00Z,BOS,IND
15edd71e-4a4a-4a2d-ad15-70d765b5a883,2023-11-01T23:30:00Z,NYK,CLE
7454d53d-238e-441b-a5d5-c4e3d839b428,2023-11-01T23:30:00Z,MIA,BKN
e777aa02-2301-4014-a20e-d414e99a5d89,2023-11-01T23:30:00Z,ATL,WAS
268894c3-8379-4fef-b688-ddc345733e23,2023-11-02T00:00:00Z,MIN,DEN
5e8290a5-27b8-462d-b5b4-aaf9a00cbf15,2023-11-02T00:00:00Z,HOU,CHA
9ff9dd2b-3adc-438d-a7f7-1c151313246e,2023-11-02T00:30:00Z,DAL,CHI
581b7985-0d76-4866-91ad-21a1001e116b,2023-11-02T01:00:00Z,UTA,MEM
602e90bb-dfaf-46ad-8e26-cb7c5994f0ee,2023-11-02T02:00:00Z,LAL,LAC
d247fda6-a60a-4a3c-8ad3-fd045331f2ef,2023-11-02T02:00:00Z,GSW,SAC
1c55aa65-8407-44e8-a293-9b3cecfcc7e5,2023-11-02T23:00:00Z,PHI,TOR
902226d2-45ce-4e7c-a462-36569d63c362,2023-11-03T00:00:00Z,NOP,DET
6f78e94d-ef66-4a1f-aa13-bbec00557b39,2023-11-03T01:00:00Z,UTA,ORL
f9f4b8f6-42fd-448a-a757-c3224c5201a1,2023-11-03T02:00:00Z,PHX,SAS
c9b8e935-bd7a-46e5-9ec6-61c457893ef8,2023-11-03T23:00:00Z,IND,CLE
b32a1205-fe65-4cc2-88d4-0b0f60034de2,2023-11-03T23:30:00Z,MIL,NYK
224079f1-6cf8-40a9-8614-de8d42ebaff1,2023-11-04T00:00:00Z,OKC,GSW
5128ddc3-156a-4b7b-b821-e6b602b026e1,2023-11-04T00:00:00Z,MIA,WAS
76e7fef6-0f1c-4c23-97ad-46240edeb55e,2023-11-04T00:00:00Z,CHI,BKN
3d236c19-f43f-43db-bf90-61d760259a6e,2023-11-04T02:00:00Z,POR,MEM
70aae44e-f000-4f39-aedd-2db8266be0a3,2023-11-04T02:00:00Z,DEN,DAL
e3f03f7e-6162-40bf-b911-ed383cf02a18,2023-11-04T17:00:00Z,PHI,PHX
4874e5e4-b339-4b1a-99e8-a5ab90299d4a,2023-11-04T23:00:00Z,IND,CHA
556c90ed-fd59-4988-9883-b05c14d76c4a,2023-11-04T23:00:00Z,NOP,ATL
72f8fad8-affc-46d3-9833-33f63eeddb74,2023-11-04T23:00:00Z,ORL,LAL
8ba73c49-f25e-496d-975d-7e4ffe0cedad,2023-11-05T00:00:00Z,BKN,BOS
b96d4552-f8bf-472f-8809-1068e0327d34,2023-11-05T00:00:00Z,HOU,SAC
c43d1205-5573-4a9e-8637-8ec37af1961f,2023-11-05T00:00:00Z,MIN,UTA
55bae865-07d4-425d-8590-60bde0ccec0f,2023-11-05T01:00:00Z,DEN,CHI
22fc9363-eb55-4c82-8964-7bd2d0164a9d,2023-11-05T20:00:00Z,DET,PHX
c1b17d62-faf5-45e3-81fc-01d66b254586,2023-11-05T20:30:00Z,SAS,TOR
1ad3ce51-495c-416b-8b46-b9ecdd0b3211,2023-11-05T23:00:00Z,CLE,GSW
4bfae812-bea6-4aa1-855e-7f3813f84515,2023-11-06T00:30:00Z,DAL,CHA
6b3d2224-5e98-4170-9fd2-4c309b896dbf,2023-11-06T02:00:00Z,POR,MEM
441261b3-5dcc-4e2c-b4ad-6413a659af2c,2023-11-07T00:00:00Z,PHI,WAS
685093fd-b0d9-4cb6-9ecf-5534c7c9bbe4,2023-11-07T00:00:00Z,ORL,DAL
c0f29aa9-be54-4d27-91eb-88ecb7eaffe1,2023-11-07T00:00:00Z,IND,SAS
e59434d0-a480-41d4-a713-5de472f61820,2023-11-07T00:00:00Z,DET,GSW
23aec178-83a1-479b-9ff4-3ac340d67802,2023-11-07T00:30:00Z,NYK,LAC
4560cd9f-e016-40af-bf7a-c3a943d2c5f9,2023-11-07T00:30:00Z,MIA,LAL
e3a7fc0e-0fbc-46a3-8453-8a191b710254,2023-11-07T00:30:00Z,BKN,MIL
56b003ec-d1e8-4e57-8654-164c75f347f6,2023-11-07T01:00:00Z,HOU,SAC
8d8ee984-706c-45cc-800f-4e3cba2d71a1,2023-11-07T01:00:00Z,MIN,BOS
d72fb3ef-2bec-4c96-b73e-a06d2336ae7c,2023-11-07T01:00:00Z,OKC,ATL
e2d2faf3-0ad0-4b74-b2de-2513ceb065a9,2023-11-07T01:00:00Z,CHI,UTA
e964725b-96ca-46bf-a133-94ec25949d37,2023-11-07T02:00:00Z,DEN,NOP
6729e688-5f1d-4663-81ce-1681242f395e,2023-11-09T00:00:00Z,CHA,WAS
69cdaddc-9eb3-46e7-b7d8-3daa25a2398c,2023-11-09T00:00:00Z,PHI,BOS
fafbf0a2-6e06-4f93-ac23-d883ba28af15,2023-11-09T00:00:00Z,IND,UTA
92130359-ec53-4724-8eb0-8c79f20237c0,2023-11-09T00:30:00Z,NYK,SAS
df4fc09a-9493-4741-9676-e9988c9c627c,2023-11-09T00:30:00Z,BKN,LAC
2618c79c-b8c5-4f07-ae6e-81ecbc315890,2023-11-09T01:00:00Z,MIN,NOP
4ad4f7b2-d8ce-4ff4-90e3-b314af742d81,2023-11-09T01:00:00Z,HOU,LAL
64857700-1078-46b7-9b22-0f9577a65af4,2023-11-09T01:00:00Z,MIL,DET
69bb3037-b0c7-4a51-825b-76891344c9db,2023-11-09T01:00:00Z,OKC,CLE
753eaa52-b8c5-47b5-8c04-42a7c832cf49,2023-11-09T01:00:00Z,MEM,MIA
f5efe9ba-84aa-465f-9409-21a3225cbf85,2023-11-09T01:00:00Z,CHI,PHX
1c8dee7a-6a17-4ac2-a647-5d4263b6ab5c,2023-11-09T01:30:00Z,DAL,TOR
4b21d768-29ba-497f-a958-642518be7583,2023-11-09T03:00:00Z,DEN,GSW
bf74fe1d-d947-413f-a67c-10d58fb5d949,2023-11-09T03:00:00Z,SAC,POR
eaf50cfe-1c85-4d4b-a27b-ce5ac77d2633,2023-11-10T00:00:00Z,IND,MIL
5ca912bf-110f-42de-859d-712cb463329d,2023-11-10T02:30:00Z,ORL,ATL
6a1770c0-6c98-4c28-9012-96c2c10c9eb8,2023-11-11T00:00:00Z,WAS,CHA
eabf92de-9194-4327-be5c-cfe50bf399d8,2023-11-11T00:00:00Z,DET,PHI
50ed66eb-0e00-4e97-a4b7-8af866ec9393,2023-11-11T00:30:00Z,BOS,BKN
264de51d-e3c6-4360-adc6-4125bd550c5f,2023-11-11T01:00:00Z,SAS,MIN
92f493af-05c3-4a66-95be-32d3fc0bea58,2023-11-11T01:00:00Z,HOU,NOP
db5bcab0-5c3d-4d91-991f-0cc3b8900fed,2023-11-11T01:00:00Z,MEM,UTA
7e4d58c9-dd1c-4e10-b4b5-7ec2302a765f,2023-11-11T01:30:00Z,DAL,LAC
0dde7b41-da52-4c84-828f-06167b0c3d60,2023-11-11T03:00:00Z,SAC,OKC
bd8f5c76-6f72-45b1-a567-fe84d924bf16,2023-11-11T03:00:00Z,PHX,LAL
b320c6c2-0f8a-4447-8c2e-86f1c6577b51,2023-11-11T23:00:00Z,ORL,MIL
d18b0956-ce98-460a-9a2b-b405b4469647,2023-11-12T00:00:00Z,BOS,TOR
d029ef6f-a42a-4b75-a0f6-f405f99c5539,2023-11-12T00:30:00Z,ATL,MIA
6be735bf-05b0-4cbb-b1d6-fd7cd54063a0,2023-11-12T01:30:00Z,GSW,CLE
53cd88a3-b9db-4418-8ecb-b51707972316,2023-11-12T17:00:00Z,NYK,CHA
305cda50-903f-496e-b71e-da45424bf528,2023-11-12T20:00:00Z,BKN,WAS
07772579-f774-483f-8d66-3f307ca2fea3,2023-11-12T20:30:00Z,LAC,MEM
a7032ea6-e865-4ca9-b1ba-417662076ed9,2023-11-12T23:00:00Z,PHI,IND
07fadf01-d7ab-48c4-82ce-755e65ff9929,2023-11-13T00:00:00Z,CHI,DET
ceb2c8fb-1d06-4fa0-ab7c-7f1856a4e76d,2023-11-13T00:00:00Z,NOP,DAL
f1250696-4bda-49ab-98da-4a898544f34d,2023-11-13T00:00:00Z,HOU,DEN
f7fa3403-f487-4a22-8571-a4ac89805bba,2023-11-13T00:00:00Z,SAS,MIA
db44ce30-9753-4b56-8fc0-153c8a7bc8ae,2023-11-13T01:00:00Z,PHX,OKC
11b1d724-d7bf-413c-9f93-2893809fbbf3,2023-11-13T01:30:00Z,GSW,MIN
49858b43-b261-415d-bb33-5b723ad66267,2023-11-13T03:00:00Z,LAL,POR
0cc08e8a-e441-457e-ac14-09b4b7411815,2023-11-14T00:30:00Z,BOS,NYK
deb9d7f6-f13e-4f1b-8be6-c53dfca6a139,2023-11-14T00:30:00Z,TOR,WAS
0aac247a-6759-4286-9d94-192fdd3b6bbd,2023-11-14T01:00:00Z,MIL,CHI
70d64fdd-9c5c-4288-aa4d-fa8bb0b8a455,2023-11-14T03:00:00Z,SAC,CLE
01e3aa9e-ed9b-4862-adae-144a861fe035,2023-11-15T00:00:00Z,PHI,IND
84a5eff6-acee-4c9f-a448-f53881eb423f,2023-11-15T00:00:00Z,CHA,MIA
f847e666-dfcd-4d55-8e35-9e315bad1ce3,2023-11-15T00:00:00Z,DET,ATL
3e4957d3-9404-4b71-aa9d-0c3c4f5d2897,2023-11-15T00:30:00Z,OKC,SAS
68191f77-cbb4-472e-a5a7-d2eab8ed169a,2023-11-15T00:30:00Z,BKN,ORL
8bfc0f6d-0c82-4d2e-a608-5b5d87c3b2bd,2023-11-15T01:00:00Z,NOP,DAL
09dee7e5-4564-42dc-9ac7-8a5b6e145ba4,2023-11-15T02:00:00Z,UTA,POR
100f0381-85aa-483c-83f6-960e228fa8c1,2023-11-15T03:00:00Z,DEN,LAC
92fd1dd2-c2a6-4b2f-abd9-f8f0f93a773d,2023-11-15T03:00:00Z,GSW,MIN
3e6b7b1c-2b26-44f3-a9d6-6adfdb053fc0,2023-11-15T03:30:00Z,LAL,MEM
9e2f11b5-0e36-4898-8e23-3a496da484db,2023-11-16T00:00:00Z,WAS,DAL
34efe565-7eb3-40e9-b245-fbf91a90d91c,2023-11-16T00:30:00Z,TOR,MIL
9df8685f-d96d-4fab-bff3-afa9a604f967,2023-11-16T00:30:00Z,PHI,BOS
ae622136-e003-45da-af90-19638cb71908,2023-11-16T00:30:00Z,ATL,NYK
313c935e-688c-4472-89ed-a9846d03f2c2,2023-11-16T01:00:00Z,CHI,ORL
a6b009e5-ca4c-4ebd-aba4-1dbb157b8a9f,2023-11-16T02:00:00Z,PHX,MIN
2d1466ef-6207-493f-8a4b-31266e54edb6,2023-11-16T03:00:00Z,LAL,SAC
482250a6-096a-44ac-b1ee-c08fe1de1387,2023-11-16T03:00:00Z,POR,CLE
8ded6fca-5c49-4368-afb1-eee90f5d30ea,2023-11-17T00:30:00Z,MIA,BKN
09dffee1-42dc-4d39-bb4e-7828c17cdf61,2023-11-17T03:00:00Z,GSW,OKC
4b7af2ed-c72e-4f2f-973e-b544ad8ecc5f,2023-11-18T00:00:00Z,WAS,NYK
9f6b25cb-0389-4247-9627-b9f26e38b395,2023-11-18T00:00:00Z,CHA,MIL
0bdcda3c-f445-436a-b06a-fe12529bb71e,2023-11-18T00:30:00Z,TOR,BOS
2b901d56-4c70-4698-ae7f-4befa670c16a,2023-11-18T00:30:00Z,ATL,PHI
85a97c8a-c356-4275-a8c1-f91d77f477cc,2023-11-18T00:30:00Z,SAS,SAC
925cac7d-6599-4ae9-aeff-9bb575d4079d,2023-11-18T00:30:00Z,CLE,DET
77ebfdbc-29a6-4369-9ef1-61def640604a,2023-11-18T01:00:00Z,NOP,DEN
89dce85b-8d2e-4976-a9a0-189c7d96e472,2023-11-18T01:00:00Z,CHI,ORL
28af7274-1262-4898-98eb-6f09a4f96553,2023-11-18T03:00:00Z,POR,LAL
d7f26931-7a1e-4a27-b8c0-4fe27745ed34,2023-11-18T03:00:00Z,UTA,PHX
cc2ccb4d-6e58-4b3a-b99b-cd8db95d5453,2023-11-18T03:30:00Z,LAC,HOU
a06fe212-ca41-465d-821d-d33110939ebb,2023-11-18T23:00:00Z,CHA,NYK
f88a345b-c86e-495d-970c-4b71e75e2cc9,2023-11-19T00:00:00Z,NOP,MIN
22dc603b-2fdf-4a46-82de-ba2f454aa84c,2023-11-19T01:00:00Z,CHI,MIA
b6db08e9-3cf8-4b39-951a-cd79c59f75c4,2023-11-19T01:00:00Z,MIL,DAL
ddbde41a-70e9-44f7-a02c-c550636a3a14,2023-11-19T01:00:00Z,SAS,MEM
304bc340-45b8-4ef8-b05b-e353324c8576,2023-11-19T01:30:00Z,GSW,OKC
faff2623-c981-4ca6-b7bd-d1ab98210243,2023-11-19T20:00:00Z,BKN,PHI
d68e0721-2b06-4606-ab22-2d6762088b44,2023-11-19T21:00:00Z,TOR,DET
38b6d027-d632-4688-8475-a79812a514dd,2023-11-19T22:00:00Z,IND,ORL
858fc735-240c-4038-9437-618a29c52da5,2023-11-19T23:00:00Z,CLE,DEN
f1a0fe9a-aeab-437c-a104-41536e2965e5,2023-11-20T00:30:00Z,DAL,SAC
300be9ce-df8b-47fd-9c2b-7dfbfb125c6a,2023-11-20T01:00:00Z,UTA,PHX
9d294126-5a27-4ed4-8fed-e17a5fdb117d,2023-11-20T01:00:00Z,MEM,BOS
77dae9b5-0b25-43b8-9a01-c8aa882d0215,2023-11-20T02:00:00Z,POR,OKC
04f9b88c-3f02-43b4-9c71-3e5f03003e63,2023-11-20T02:30:00Z,LAL,HOU
12957aed-47ee-404e-b882-087a5196459c,2023-11-21T00:00:00Z,DET,DEN
740bb720-75ed-41e0-9155-fc92a2d489fd,2023-11-21T00:00:00Z,CHA,BOS
7a43179c-9d9f-4dfe-8492-dbfc68ad6042,2023-11-21T00:00:00Z,WAS,MIL
4280d3bf-1990-4ae4-8604-0409d876bb94,2023-11-21T01:00:00Z,MIN,NYK
7bb662d2-6aa5-45c3-b1b0-114f34d409a6,2023-11-21T01:00:00Z,SAS,LAC
93e2d591-f00f-48ba-b36f-16ec57f6d9a3,2023-11-21T01:00:00Z,NOP,SAC
b261c91d-317f-413d-811d-c5c027cb4617,2023-11-21T01:00:00Z,CHI,MIA
b72b6fb0-cb28-4437-80d4-21d6f009b165,2023-11-21T03:00:00Z,GSW,HOU
75c9da4d-62d3-4869-a8c4-6eb2b3e717d1,2023-11-22T00:00:00Z,ORL,TOR
a01da403-5e59-410c-b19f-3b740496d043,2023-11-22T00:30:00Z,PHI,CLE
e6c15121-ea18-4cee-91cf-273c9441323b,2023-11-22T00:30:00Z,ATL,IND
7988161e-d13f-443c-b700-d099110efcd3,2023-11-22T02:00:00Z,PHX,POR
23968d39-06f3-44dc-87c4-ea1d32cf935d,2023-11-22T03:00:00Z,LAL,UTA
620d24d5-efc5-4731-83f3-a4bea3f415ab,2023-11-23T00:00:00Z,CHA,WAS
c2cf30a3-2195-43aa-9fc7-b778c1054040,2023-11-23T00:00:00Z,ORL,DEN
060f62a8-1a7b-4486-9654-b621049b8447,2023-11-23T00:30:00Z,BOS,MIL
1f634790-4515-4177-bed5-652c58b2c97f,2023-11-23T00:30:00Z,CLE,MIA
79e75a08-9c3a-4b67-b0dd-26392abc622a,2023-11-23T00:30:00Z,IND,TOR
81337a49-e1a8-48f0-a1e1-01d9fb0d0fe9,2023-11-23T00:30:00Z,ATL,BKN
4a6a47c7-0e0d-45e0-a04f-ebb89229a25a,2023-11-23T01:00:00Z,HOU,MEM
54940281-2616-4716-b28f-881da08c1f42,2023-11-23T01:00:00Z,MIN,PHI
77dd3a91-26ff-4887-99fb-59b54b93c8e1,2023-11-23T01:00:00Z,NOP,SAC
888eccd1-475e-460c-9846-963ec19a421c,2023-11-23T01:00:00Z,SAS,LAC
db5662d6-09b7-48b5-a8bc-8b29f68dc0aa,2023-11-23T01:00:00Z,OKC,CHI
6b9b7386-9353-4f29-8d3e-543579a284eb,2023-11-23T03:00:00Z,POR,UTA
6d242c69-2f1b-4370-97cd-f529a12b2c6e,2023-11-23T03:00:00Z,PHX,GSW
694a0f35-f4e8-4be0-9e15-d7d102441b50,2023-11-23T03:30:00Z,LAL,DAL
36365712-290d-45bb-8985-3688e11a8fd5,2023-11-24T19:30:00Z,ORL,BOS
e3d4575e-b5ce-46ea-bb71-4d5e9d41bd3d,2023-11-24T22:00:00Z,MEM,PHX
0827e9f7-abdd-40c1-b55f-6c2cf6df542d,2023-11-25T00:30:00Z,NYK,MIA
ca81cace-5df7-4e81-9d6d-b325bc17b550,2023-11-25T00:30:00Z,TOR,CHI
0e372643-e6d3-43cb-ab1a-eb952ed98da7,2023-11-25T01:00:00Z,IND,DET
1c28b3d6-6763-4d50-8a1b-040136d63ce1,2023-11-25T01:00:00Z,MIN,SAC
1cf6bd55-581f-4365-ad65-6f8bd405c7b7,2023-11-25T01:00:00Z,MIL,WAS
96723b90-b4df-4d4f-b9c8-3bdd2b98d4cc,2023-11-25T01:00:00Z,HOU,DEN
8e7ee4a1-9390-46ca-870f-c8db24a1bdd0,2023-11-25T03:00:00Z,GSW,SAS
0f6cc7a3-f472-4750-b86e-7370d2b750ad,2023-11-25T03:30:00Z,LAC,NOP
fca9c1d5-2294-4f35-a45a-51e431f085a5,2023-11-25T22:00:00Z,OKC,PHI
21c1bec0-f031-47b8-b55a-2b9e7451930c,2023-11-25T23:00:00Z,BKN,MIA
d2c4d1b8-47d2-45db-9930-d5f49feb4143,2023-11-26T00:00:00Z,WAS,ATL
6e1e985b-b5f6-413e-9ab3-74754fdcc813,2023-11-26T00:30:00Z,CLE,LAL
10f57b64-c06f-47d8-a00e-4567654bec00,2023-11-26T02:30:00Z,UTA,NOP
bc834487-2ccc-458d-a017-b16ceddcf117,2023-11-26T03:30:00Z,LAC,DAL
5b68fc60-aa98-4893-9012-f7f10d3b7930,2023-11-26T20:30:00Z,MIL,POR
26e607d6-68f1-42f3-a60b-54ac1f87eef6,2023-11-26T23:00:00Z,MEM,MIN
7ec7309c-0dfe-44bb-adb9-7b269a83d723,2023-11-26T23:00:00Z,ORL,CHA
db54696b-d854-438d-aeca-4bef00662cc1,2023-11-26T23:00:00Z,NYK,PHX
fd7df84b-9002-44dd-a3a5-ce363e9c9b4c,2023-11-26T23:00:00Z,BOS,ATL
13698313-b05b-4a2b-9f29-e0f60e7aa984,2023-11-27T00:30:00Z,CLE,TOR
2ede4d15-1fe7-4ead-8ff4-b4d3a576ce25,2023-11-27T00:30:00Z,BKN,CHI
b04355f9-9a01-457f-bda9-138a68559641,2023-11-27T01:00:00Z,DEN,SAS
68913f97-e1fd-4911-9b3f-c45d586b6be0,2023-11-28T00:00:00Z,DET,WAS
c5d4eff2-c2c5-4bbc-81b3-265d8d96084a,2023-11-28T00:00:00Z,PHI,LAL
c6d13fd3-0bd6-4b3b-8719-256e7130fb3b,2023-11-28T00:00:00Z,IND,POR
3494ae87-205b-47d5-b409-2ed6fa753e2b,2023-11-28T02:00:00Z,UTA,NOP
e58284e1-4a8c-4961-9804-94bd4aa80006,2023-11-28T03:30:00Z,LAC,DEN
3cc85ed5-06a7-4c40-a4c5-cd736e249ae1,2023-11-29T00:30:00Z,BKN,TOR
5dd99b14-4f5d-40bb-a94f-381dfda0d2f0,2023-11-29T00:30:00Z,NYK,CHA
ac89d330-c8a7-4fb6-a0da-8d5f124e6acc,2023-11-29T00:30:00Z,CLE,ATL
ba1daebb-d48c-45ac-acae-3b4fdf54f3f0,2023-11-29T00:30:00Z,BOS,CHI
e0baf6dc-c8f9-4c34-a1b2-80520284a007,2023-11-29T00:30:00Z,MIA,MIL
931a9ccb-459f-4dee-8781-474325145c1e,2023-11-29T01:00:00Z,MIN,OKC
0bd429e8-744f-467b-9bcd-efa7bbae1902,2023-11-29T01:30:00Z,DAL,HOU
32e73d7c-af28-4ec9-a3cd-bf03082aa2c6,2023-11-29T03:00:00Z,SAC,GSW
03f1cfcc-cbda-4530-9fe9-fd38b3d4320f,2023-11-30T00:00:00Z,DET,LAL
3ff6f375-d2b7-470c-b357-e84007b99899,2023-11-30T00:00:00Z,ORL,WAS
91891051-a6f5-4d0d-9308-b40c9a3cd962,2023-11-30T00:30:00Z,TOR,PHX
4319d914-2913-4be5-b9b7-b0ce450c178c,2023-11-30T01:00:00Z,MEM,UTA
c7d010bb-c8b1-49e4-b824-cf0e70413048,2023-11-30T01:00:00Z,NOP,PHI
22bb47e6-6ff1-45c8-a62e-6b335ed8849a,2023-11-30T02:00:00Z,DEN,HOU
8f8a2371-518e-4422-96e1-d4887bd9b351,2023-11-30T03:00:00Z,SAC,LAC
353054cf-9788-424a-a502-0af2fae49c6f,2023-12-01T00:00:00Z,CLE,POR
32349b99-0f3b-4ddd-84c6-e377be541f26,2023-12-01T00:30:00Z,BKN,CHA
aa810305-5681-4d1f-a337-b0fde103d41c,2023-12-01T00:30:00Z,NYK,DET
ac567757-dc3a-40e6-8bdc-a7c0bcd3b9a1,2023-12-01T00:30:00Z,MIA,IND
0a49b8b0-53dc-4e16-ab6c-d4c1938ed65b,2023-12-01T01:00:00Z,OKC,LAL
8d7a4705-8b62-4973-abef-9f6e9c0f2f6d,2023-12-01T01:00:00Z,SAS,ATL
a036e710-ce27-45b2-9d0c-ab1cb4222c13,2023-12-01T01:00:00Z,CHI,MIL
e1eaff42-aafa-48be-a356-3dbb384cc439,2023-12-01T01:00:00Z,MIN,UTA
0bb69ad7-a1ec-4079-b9b6-2a358b3b3c21,2023-12-01T03:00:00Z,GSW,LAC
9c0bd4f6-de1d-4ee0-abff-cb827e513bd9,2023-12-02T00:00:00Z,ORL,WAS
3ff00f1a-4e8b-493d-a9f2-fccd32b297f5,2023-12-02T00:30:00Z,TOR,NYK
55c2e153-e5a0-4d13-9294-e5a24bca9665,2023-12-02T00:30:00Z,DAL,MEM
8b3ec627-549c-4ca3-94dc-8eb0cecac323,2023-12-02T00:30:00Z,BOS,PHI
b6e4e41d-dd0e-4bcc-b716-3353b0461933,2023-12-02T01:00:00Z,NOP,SAS
fc6a6efa-1112-4658-a605-2d95c051ead1,2023-12-02T03:00:00Z,PHX,DEN
99f1a7f1-6f5e-4308-9e82-0147e7cead40,2023-12-02T21:00:00Z,LAC,GSW
25146401-6b38-4a9b-9e67-98ab82353110,2023-12-02T22:00:00Z,CHA,MIN
120d9530-7a5d-4fe3-b36b-73d78bd5a7ea,2023-12-03T00:00:00Z,BKN,ORL
5ff101d4-1662-4bd2-b302-10294cf9230f,2023-12-03T00:00:00Z,DET,CLE
26160512-ffc3-4fb7-b48c-487dd5792a88,2023-12-03T01:00:00Z,CHI,NOP
29063939-10c3-4f4c-975c-d76c8d676f30,2023-12-03T01:00:00Z,MIA,IND
fc111134-4610-48f8-83a6-785bad8a6f48,2023-12-03T01:00:00Z,MIL,ATL
3ce279e4-c345-4f71-a195-eb56b43e8052,2023-12-03T02:00:00Z,PHX,MEM
aa930289-8e95-4a9e-a2b2-0b1ca8e09d0a,2023-12-03T02:00:00Z,DAL,OKC
deb60d8b-23f8-4302-8d68-fd81724fcef1,2023-12-03T02:30:00Z,UTA,POR
267d8d1c-2aa9-46ba-a9e7-592610166571,2023-12-03T03:00:00Z,SAC,DEN
ab8c87d9-1970-4877-94bd-63399f575499,2023-12-03T03:30:00Z,LAL,HOU
32cdc8d8-3176-4026-8fd2-72f8103910c0,2023-12-05T00:30:00Z,IND,BOS
00aca98b-9680-4900-8dfd-277e7767b696,2023-12-05T03:00:00Z,SAC,NOP
aa676591-a0e3-4f8d-8770-25b199a792b6,2023-12-06T00:30:00Z,MIL,NYK
43434e91-e9ed-45b1-8c7e-eaac6d884438,2023-12-06T03:00:00Z,LAL,PHX
37751864-a3fd-4a76-9353-4138a7d1405d,2023-12-07T00:00:00Z,WAS,PHI
83602d1a-63f1-406f-b947-3303f55ce4c2,2023-12-07T00:00:00Z,DET,MEM
e99f12f2-4ca3-4a4b-9682-b393fcaa5691,2023-12-07T00:00:00Z,CLE,ORL
443d8427-44d4-4fdf-b4f6-ba5a5aa4dd63,2023-12-07T00:30:00Z,ATL,BKN
9303b3e4-751c-4a36-9524-6a0922c611b8,2023-12-07T00:30:00Z,MIN,SAS
cd8a57fd-ca07-49d0-bf0f-fa6fccb4056f,2023-12-07T00:30:00Z,TOR,MIA
26cf58e6-4b2b-4553-b517-5d3e77919a2b,2023-12-07T01:00:00Z,CHI,CHA
54cc11ff-867c-4f50-99aa-2e68b0e89aa5,2023-12-07T01:00:00Z,HOU,OKC
6f26ca4a-b30b-4cf6-8efc-3ccf185a3752,2023-12-07T01:30:00Z,DAL,UTA
97c320a7-7e01-4b1e-87f0-c15bcd9bf32c,2023-12-07T03:00:00Z,LAC,DEN
e45d6277-d3ef-4e45-9ac6-411da8902c4a,2023-12-07T03:00:00Z,GSW,POR
284c862e-6019-41a0-870b-5c50893aecd7,2023-12-09T00:00:00Z,CHA,TOR
39614480-a075-48c0-b8ce-201075404c9e,2023-12-09T00:00:00Z,ORL,DET
d033be61-c142-478c-8767-3c940105bdb2,2023-12-09T00:00:00Z,PHI,ATL
e3596683-0170-49ec-859a-7bf7f1f3df4e,2023-12-09T00:30:00Z,BKN,WAS
027115fa-c2c0-4752-a753-8bf5e5460cf3,2023-12-09T01:00:00Z,MEM,MIN
a3780647-60fe-4866-b9f2-41ccce45a430,2023-12-09T01:00:00Z,MIA,CLE
f86c826c-77fe-4cd6-b011-7dfc8a9e928b,2023-12-09T01:00:00Z,OKC,GSW
60955f1b-430d-4941-8e5e-bbc17839ba59,2023-12-09T01:30:00Z,SAS,CHI
1c6e55df-ac7b-4aa1-93e1-3ccb9789845e,2023-12-09T02:00:00Z,DEN,HOU
6329bdd5-111e-4a78-b2a4-a0a2a09742bc,2023-12-09T03:00:00Z,UTA,LAC
a2b5e228-8be5-4562-87fe-8dd566780c4c,2023-12-09T03:00:00Z,POR,DAL
25d6d86b-df2c-4a2d-8667-d884ca92a947,2023-12-12T00:00:00Z,DET,IND
25ef4eed-106e-44f6-8c2d-be842cb3b765,2023-12-12T00:00:00Z,PHI,WAS
8a466ebe-6725-4fe2-b2dc-d5daa30130ad,2023-12-12T00:00:00Z,CHA,MIA
cd74b899-f30f-42cc-8240-ddbf25c0e368,2023-12-12T00:00:00Z,ORL,CLE
4c20962e-7f40-49b7-aeb3-edf7738ae4bd,2023-12-12T00:30:00Z,NYK,TOR
8515ed89-ab5c-4cc0-8282-aa61990d25c1,2023-12-12T00:30:00Z,ATL,DEN
2cc24f83-658e-4e77-ad35-1054187c91a8,2023-12-12T01:00:00Z,MIL,CHI
4db7dcaa-ceb7-4b44-9de8-b86cf279d1c2,2023-12-12T01:00:00Z,NOP,MIN
c4df743e-02d0-4242-ac7b-3bd2bdf7d292,2023-12-12T01:00:00Z,HOU,SAS
d17e839e-ccba-4a83-bfba-bc94890a8017,2023-12-12T01:00:00Z,MEM,DAL
ec8387e3-e147-4f26-a243-481764856014,2023-12-12T01:00:00Z,OKC,UTA
13f231ab-9c27-4027-ad58-3f80c8f0848e,2023-12-12T03:00:00Z,SAC,BKN
b12c81cc-5114-4098-92fe-4b999f9bcb53,2023-12-12T03:30:00Z,LAC,POR
33b2257b-edc9-40bf-95d5-e6c7890dd3a6,2023-12-13T00:30:00Z,DAL,LAL
4eea97a1-0b4b-4e0f-9ddc-b18fe4b39487,2023-12-13T00:30:00Z,BOS,CLE
b6179072-bda2-48e8-95a6-c5955febcf7a,2023-12-13T01:00:00Z,CHI,DEN
6bcbe06d-0dfd-4fdc-91cd-d59ccb12759e,2023-12-13T03:00:00Z,PHX,GSW
118d30f5-f8a7-46c7-a81b-12b21d3b437a,2023-12-13T03:30:00Z,LAC,SAC
a8ec29f1-94ca-474e-b07e-a03d81c9d22d,2023-12-14T00:00:00Z,DET,PHI
df9a27d7-cde3-4223-b1b5-079a1071f44b,2023-12-14T00:00:00Z,WAS,NOP
33a9df11-07af-48bb-8f5e-d64b620873b6,2023-12-14T00:30:00Z,MIA,CHA
aacaa85c-146c-4dfa-a8c1-068f04233e99,2023-12-14T00:30:00Z,TOR,ATL
133b3e7b-ced4-4dc3-b853-24970691d812,2023-12-14T01:00:00Z,SAS,LAL
81a4941f-75be-4673-b2eb-eb005e304121,2023-12-14T01:00:00Z,MIL,IND
cf4a86c7-a936-4cd5-9b4b-1d0abb3c0974,2023-12-14T01:00:00Z,HOU,MEM
8b675e20-208f-4939-8d77-6a07719d38e9,2023-12-14T02:00:00Z,UTA,NYK
b9646ff3-e8ee-4037-952e-c2a9e1e9dbf3,2023-12-14T02:00:00Z,PHX,BKN
1c3d5bde-c5a4-40c8-ae36-45c40d3c6109,2023-12-15T00:30:00Z,BOS,CLE
3f379dc7-81cc-4632-bb0d-d02c021bbdc3,2023-12-15T00:30:00Z,MIA,CHI
309557cc-760b-4487-93d5-3abf9b3c6299,2023-12-15T01:30:00Z,DAL,MIN
7eaedac1-b6bd-40c3-82c5-8b274a1777a6,2023-12-15T02:00:00Z,DEN,BKN
7606a39d-0a96-4f15-87a3-d00dfd05a450,2023-12-15T03:00:00Z,POR,UTA
db7e0fad-9b61-498c-8470-c4b30e50ba9e,2023-12-15T03:00:00Z,SAC,OKC
84e9123d-55e3-4535-92aa-8b3bbf8f4faa,2023-12-15T03:30:00Z,LAC,GSW
214d7ee1-8fb3-4c78-9f59-bc289d55ef3e,2023-12-16T00:00:00Z,PHI,DET
823210f6-3799-409e-98d2-fb76f30a35d5,2023-12-16T00:00:00Z,WAS,IND
f146fa93-dd71-4262-a0b2-199604ee91ad,2023-12-16T00:00:00Z,CHA,NOP
580805de-e966-44a4-b50a-df0febd566f1,2023-12-16T00:30:00Z,BOS,ORL
d11df9a2-3c32-4e32-9ceb-e5fec0fb89f2,2023-12-16T00:30:00Z,SAS,LAL
fba20bd7-ede5-49b7-ae29-6a7ec010eeef,2023-12-16T00:30:00Z,TOR,ATL
92d96b13-9af1-424a-8cd8-2f1eff33c7c1,2023-12-16T01:00:00Z,MEM,HOU
abf3091c-398d-46d8-8121-426e56647c40,2023-12-16T03:00:00Z,PHX,NYK
47af2394-52c6-4a72-b66f-0ed1920f2994,2023-12-16T23:00:00Z,MIL,DET
f99569e5-31cb-46e0-bf01-de6381a92a70,2023-12-17T00:00:00Z,CHA,PHI
a34c2dcd-4f2c-46b5-818d-19b9a40d7411,2023-12-17T00:30:00Z,CLE,ATL
bd3b3ed0-55f6-4907-9b54-e06c842db42f,2023-12-17T01:00:00Z,MIN,IND
cbcf360f-8252-4f70-96cd-f41c3fa9373f,2023-12-17T01:00:00Z,MIA,CHI
e84d1fc7-8d93-4100-92c3-9c924c8b2712,2023-12-17T01:30:00Z,GSW,BKN
54f523e4-1579-41ba-85e0-85f4351f5dc6,2023-12-17T02:00:00Z,DEN,OKC
6c269226-d518-4382-9ea2-ec0a3299c6fb,2023-12-17T02:00:00Z,POR,DAL
d09eb79f-6fb8-407c-9e27-f19de34316f2,2023-12-17T03:00:00Z,SAC,UTA
544243bf-3834-47d9-af72-3baf1397fbf3,2023-12-17T03:30:00Z,LAC,NYK
95c4207c-98c4-4fb0-822e-ab8ecf9c7270,2023-12-17T20:00:00Z,BOS,ORL
c5b8f00e-8f24-454a-af08-1fe003c2bacc,2023-12-17T20:30:00Z,SAS,NOP
a62f52d2-a76d-4620-aa64-c0a276bc81af,2023-12-18T00:00:00Z,MIL,HOU
7080e67e-8bcb-46f1-981a-0d67d4d0615b,2023-12-18T01:00:00Z,PHX,WAS
524dd24f-05c9-400e-9b47-eb3ec4928019,2023-12-18T02:00:00Z,POR,GSW
39a715ae-1a57-42c1-a098-d42be7075104,2023-12-19T00:00:00Z,IND,LAC
4bf910c4-8a46-40a0-a48f-9b9ef1a3f6ad,2023-12-19T00:00:00Z,CLE,HOU
e8a3ef6e-a0d6-4f0e-902e-81727f402db2,2023-12-19T00:00:00Z,PHI,CHI
01f4f208-a188-4f72-87ff-f980c9bc843a,2023-12-19T00:30:00Z,MIA,MIN
8acbb1f6-7e82-430d-af32-8974bfb281fb,2023-12-19T00:30:00Z,TOR,CHA
a0ec1dcc-f5d0-4822-a658-13ddcaeadede,2023-12-19T00:30:00Z,ATL,DET
22527c9a-5094-4361-b9b8-6bc12ab7b129,2023-12-19T01:00:00Z,OKC,MEM
e3c92b3b-f4e2-4a93-9aae-b175e4a8f537,2023-12-19T02:00:00Z,DEN,DAL
f7b61ebc-56b1-4fd7-b180-2a3af3d64486,2023-12-19T02:00:00Z,UTA,BKN
4cb4ab77-08ed-4db9-8a67-39f5fc987294,2023-12-19T03:00:00Z,SAC,WAS
b5976142-b1fc-404b-b985-43d9ffa88219,2023-12-19T03:30:00Z,LAL,NYK
a77dfe8a-74eb-4efd-b8c7-b8f195b6797b,2023-12-20T00:30:00Z,NOP,MEM
54099402-a9ef-4399-9aca-e2982630ad54,2023-12-20T01:00:00Z,MIL,SAS
682bc883-145d-49ab-b0fe-a80d14bc4cf5,2023-12-20T03:00:00Z,POR,PHX
bbf4f058-75e2-4b2b-8b7c-44fdec82f739,2023-12-20T03:00:00Z,GSW,BOS
4632c1fe-ade5-4132-b173-bc8b0f87338d,2023-12-21T00:00:00Z,IND,CHA
57450c2d-e584-48f7-8dc3-11ee4e5b2b47,2023-12-21T00:00:00Z,ORL,MIA
8db36736-3123-4147-a89e-2f64ba62e711,2023-12-21T00:00:00Z,PHI,MIN
d89209d2-61e8-436c-98d8-68aba7992345,2023-12-21T00:00:00Z,CLE,UTA
bdc9b2cd-0f88-402f-8444-75ece02d5549,2023-12-21T00:30:00Z,BKN,NYK
cda6007e-3cbd-4cce-9e4f-cbd84fd21197,2023-12-21T00:30:00Z,TOR,DEN
10e22f59-7863-4220-8449-981bb4997221,2023-12-21T01:00:00Z,HOU,ATL
48686984-0958-4578-b797-b4419089dc23,2023-12-21T01:00:00Z,CHI,LAL
d2b043f0-e21c-4732-8e7a-48b5c6ef428c,2023-12-21T01:30:00Z,DAL,LAC
da02ec40-0d2a-4982-8b50-b16a3ec137a7,2023-12-21T03:00:00Z,SAC,BOS
830704d2-ba28-4a2d-ae79-e47c486336a3,2023-12-22T00:00:00Z,DET,UTA
9ab28f77-895a-4f98-9efa-ea5e31fc6f77,2023-12-22T00:30:00Z,CLE,NOP
06c17b5b-8f52-46f5-a977-fa84b944ca89,2023-12-22T01:00:00Z,MIL,ORL
08b91261-ba2b-47a4-8e0a-83d4690b4636,2023-12-22T01:00:00Z,CHI,SAS
5267f85d-c525-449e-88e0-f53e754602e9,2023-12-22T01:00:00Z,MEM,IND
c864b33f-4087-4515-9c1f-33ee8d45f842,2023-12-22T01:00:00Z,OKC,LAC
4abf46ed-bb11-4c13-ad8c-88f9ee790899,2023-12-22T02:00:00Z,MIN,LAL
c38a1e17-0780-404c-bf04-a29fdb9be239,2023-12-22T03:00:00Z,POR,WAS
8f0a0fd2-25b6-4ac4-a425-c1db0e3f7247,2023-12-23T00:00:00Z,PHI,TOR
7a63d031-4098-4a8e-8f25-d90976090bd6,2023-12-23T00:30:00Z,BKN,DEN
6b069591-2d4e-4cdb-936a-90b815c66c17,2023-12-23T01:00:00Z,MIA,ATL
fb529181-8b44-4be3-b9dc-4f20c2e195c0,2023-12-23T01:00:00Z,HOU,DAL
2d50626b-2af2-4ef2-a948-efdb6d2ac098,2023-12-23T03:00:00Z,SAC,PHX
8901f96d-0e23-4dbf-9970-1c9d7101ba75,2023-12-23T03:00:00Z,GSW,WAS
62166d0c-605f-44e7-9f23-5afcca460e08,2023-12-23T17:30:00Z,NYK,MIL
59f1f910-3f3d-4e4a-9890-713d1eb90edd,2023-12-23T20:30:00Z,LAC,BOS
12744863-5436-4eb5-bb62-f9e272018e39,2023-12-24T00:00:00Z,NOP,HOU
b4cc1f5e-d878-45fe-9331-518a5a1b7a5a,2023-12-24T00:00:00Z,CHA,DEN
c4d187aa-7e94-4a7b-82c5-df17ccd11062,2023-12-24T00:00:00Z,IND,ORL
3beb7cdb-adb9-40c0-84f8-214c0ea49d3f,2023-12-24T00:30:00Z,TOR,UTA
4a2e200d-ddbe-4225-b6af-2e519ef7aa3a,2023-12-24T00:30:00Z,BKN,DET
62d4ed21-111a-41da-96e5-dea7cd2868e6,2023-12-24T00:30:00Z,ATL,MEM
3b4ca002-a485-4732-be05-8374b6e5c4d3,2023-12-24T01:00:00Z,CHI,CLE
4817a996-106c-4706-881a-a3348bef1788,2023-12-24T01:00:00Z,OKC,LAL
a34c2f14-7b0d-4dd9-9845-24afc4e97537,2023-12-24T01:30:00Z,GSW,POR
b6a22750-8ad9-44f9-9dbf-3a1d04b3b5e6,2023-12-24T01:30:00Z,DAL,SAS
aa8e1336-2924-43ea-bb8e-9e797a4b06b2,2023-12-24T03:00:00Z,SAC,MIN
45cac805-1461-4beb-84f9-b5d1b65994b7,2023-12-25T17:00:00Z,NYK,MIL
86b4d186-7bc3-4cdc-bea1-ae8808b278c1,2023-12-25T19:30:00Z,DEN,GSW
8a9a2daa-3f8b-42d5-97d4-d317b49193f8,2023-12-25T22:00:00Z,LAL,BOS
cb2deef5-de98-4ad3-ab3e-c59bab500485,2023-12-26T01:00:00Z,MIA,PHI
73e41063-e515-4305-b53c-14664f666d5d,2023-12-26T03:30:00Z,PHX,DAL
6298b1d9-1d56-4967-a0e7-eeabfdccb182,2023-12-27T00:00:00Z,WAS,ORL
c9a3f7a2-8bd0-4b0e-a15f-62ac3aeee06a,2023-12-27T00:00:00Z,DET,BKN
9e00533d-7f84-48f3-8ff3-9c35adf23eaa,2023-12-27T01:00:00Z,SAS,UTA
a556b5cc-9fce-42d9-af4b-05985b4d9005,2023-12-27T01:00:00Z,CHI,ATL
bbe7a8b0-4e97-4979-9b92-ccae0e9238e8,2023-12-27T01:00:00Z,HOU,IND
c8cddd7f-f6b4-45ff-a115-a037d1ea16dd,2023-12-27T01:00:00Z,NOP,MEM
fc45bf68-88c9-4c0e-b232-d2759ff47ce9,2023-12-27T01:00:00Z,OKC,MIN
d6254493-32d7-4663-9ba0-a354605f175a,2023-12-27T03:00:00Z,POR,SAC
96153a44-059c-4eee-b2ee-c0407fca5940,2023-12-27T03:30:00Z,LAC,CHA
9fe03016-da4b-47a7-abbc-90b70738b8b3,2023-12-28T00:00:00Z,WAS,TOR
eac267b6-7d07-4ec2-b6c0-b01aae059e39,2023-12-28T00:00:00Z,ORL,PHI
10a3337d-7b19-4044-ada9-872e84eca628,2023-12-28T00:30:00Z,BKN,MIL
3d8112b7-10e9-430d-9fb3-9b4136b30cc4,2023-12-28T01:00:00Z,HOU,PHX
876c3ef1-d355-42b8-806e-255f0b9fd929,2023-12-28T01:00:00Z,OKC,NYK
0ec60506-2a65-4005-a4cc-7bf269ab94b4,2023-12-28T01:30:00Z,DAL,CLE
7acd91df-77d5-4d2f-b047-776f85ae40ef,2023-12-29T00:30:00Z,BOS,DET
130ab010-b0eb-4828-84d9-d8e99bab2b7d,2023-12-29T01:00:00Z,NOP,UTA
7a768382-ba68-489a-9d95-4fa56a5637e0,2023-12-29T01:00:00Z,MIN,DAL
937a3382-5e5c-42ab-b844-095860e4e1bc,2023-12-29T01:00:00Z,CHI,IND
4de68f7b-d472-455b-af77-bbb85d9ed63a,2023-12-29T02:00:00Z,DEN,MEM
65e82091-8fa4-4645-92f7-1f4db58dcc80,2023-12-29T03:00:00Z,GSW,MIA
d696a8f2-ee73-4143-acdc-7c5159cc5b72,2023-12-29T03:00:00Z,POR,SAS
b7bd9ab1-3a69-41e9-97f2-901abea63647,2023-12-29T03:30:00Z,LAL,CHA
3df5c33e-398a-4485-937b-4fbb662204ec,2023-12-30T00:00:00Z,ORL,NYK
94e434e9-3369-4ec8-8e87-560ca022e049,2023-12-30T00:00:00Z,WAS,BKN
b9d095bb-e8e8-4180-a5f7-6a6798203d01,2023-12-30T00:30:00Z,CLE,MIL
bb809a0e-0cbe-4050-b048-f857118c3bc4,2023-12-30T00:30:00Z,ATL,SAC
e114e911-1747-4373-ada4-b878af943f13,2023-12-30T00:30:00Z,BOS,TOR
3438e5fe-8839-4565-b714-0f7fb20a2fbd,2023-12-30T01:00:00Z,HOU,PHI
6538da7a-6de1-4644-b80c-f540f9fcd046,2023-12-30T02:00:00Z,DEN,OKC
bbdf9a53-ae1c-4b76-a2d8-feacb30c9ef6,2023-12-30T02:00:00Z,PHX,CHA
8f3856ea-d01f-4898-b23a-6b7b85467c49,2023-12-30T03:00:00Z,POR,SAS
db424910-3cfc-436d-970e-8e8dc270cdd2,2023-12-30T03:30:00Z,LAC,MEM
75520184-72cc-4e77-8585-09e7261b89bb,2023-12-30T22:00:00Z,UTA,MIA
4f142220-7420-4442-8c01-97a75e4032b5,2023-12-30T23:00:00Z,DET,TOR
2776f74c-6e65-4341-8584-024253795e20,2023-12-31T00:00:00Z,IND,NYK
0719188f-f594-4b52-b113-6e3f331f77da,2023-12-31T01:00:00Z,MIN,LAL
5f4e12bc-8611-4d0e-bc13-a95994c55b2d,2023-12-31T01:00:00Z,CHI,PHI
3e0b76d3-9270-4dd3-9626-14a191fae87f,2023-12-31T01:30:00Z,GSW,DAL
85172bf0-ae87-47bd-b480-c2c927b0f7a4,2023-12-31T20:00:00Z,WAS,ATL
5515ab41-2fca-4512-9058-507a2fcd710b,2024-01-01T00:00:00Z,SAS,BOS
692b3d6d-4687-4e60-bd0b-af126b4e7900,2024-01-01T00:00:00Z,NOP,LAL
8a6794d3-69df-4746-8533-1a09cdaca647,2024-01-01T00:00:00Z,OKC,BKN
b48a48db-ad72-4ac0-965b-bcdc98ef325b,2024-01-01T01:00:00Z,MEM,SAC
c5bbdc74-6d58-4755-aa59-e058ec59f41d,2024-01-01T01:00:00Z,PHX,ORL
b319a6cd-e13b-4ab9-82ff-f7fc70011f66,2024-01-01T20:00:00Z,NYK,MIN
e7490332-4f0d-42b1-b9c4-c988c06c1433,2024-01-02T00:30:00Z,TOR,CLE
5ab54c83-0111-43bb-b70a-9ad40434460e,2024-01-02T01:00:00Z,MIL,IND
8031a387-ecf7-481b-8e6a-8e4132e02c6f,2024-01-02T01:00:00Z,HOU,DET
4651855f-7412-40bc-9750-34a8710a8e0d,2024-01-02T02:00:00Z,DEN,CHA
9b337ac0-c84e-4c2e-a98b-4c75d402cd54,2024-01-02T02:00:00Z,PHX,POR
9cffc365-66f5-40b7-a903-c5886a52adf9,2024-01-02T02:00:00Z,UTA,DAL
4c891ce0-25f8-4b43-8d3f-07b209931c73,2024-01-02T03:30:00Z,LAC,MIA
37bed3ed-cbe2-407c-aeeb-ab7424050101,2024-01-03T00:00:00Z,PHI,CHI
3bb778b2-6893-4e7d-ad4b-56136deb7286,2024-01-03T01:00:00Z,NOP,BKN
d53f7731-2cdf-4bbf-af9c-19d7e469ef08,2024-01-03T01:00:00Z,MEM,SAS
ef4fd575-71d3-4f2c-bdca-5976686dd401,2024-01-03T01:00:00Z,OKC,BOS
4deeada6-9612-47dc-8928-cfc6a7b4cf0b,2024-01-03T03:00:00Z,GSW,ORL
b2d7b478-d3a2-4223-ab0d-2e1aa4ac263a,2024-01-03T03:00:00Z,SAC,CHA
49bc42bf-7c2e-40a1-96ec-373a1885f22f,2024-01-04T00:00:00Z,CLE,WAS
4ac37e5c-88d7-4cb8-9ba1-5ed5845d5a26,2024-01-04T00:00:00Z,IND,MIL
550f83ce-947f-47cd-8599-be3c9e1d60d0,2024-01-04T00:30:00Z,ATL,OKC
0f87df6f-9839-4d2a-89ce-28a6c06ebf67,2024-01-04T01:00:00Z,HOU,BKN
2293415c-6954-4a35-a29a-516aa25a85f9,2024-01-04T01:00:00Z,MIN,NOP
accef537-abac-4c20-91ea-d55b69d2d723,2024-01-04T01:00:00Z,MEM,TOR
d5f5744c-6878-4e5c-8c99-4ed25fa29db3,2024-01-04T01:30:00Z,NYK,CHI
dafbc671-aab6-406f-814f-10c567d940d6,2024-01-04T01:30:00Z,DAL,POR
7203694a-43d5-43c0-819d-649751207b5b,2024-01-04T02:00:00Z,PHX,LAC
bcc7c033-e415-4301-a55f-c9fa8f526bb7,2024-01-04T02:00:00Z,UTA,DET
748e2f5c-cee1-4d06-940e-d52a56bb7102,2024-01-04T03:00:00Z,LAL,MIA
b4df7b81-4267-4562-96c7-d932dab74ebe,2024-01-04T03:00:00Z,SAC,ORL
54a8a790-e83b-41c2-b642-dd2e6ebfa0f3,2024-01-05T00:30:00Z,SAS,MIL
e1ad019d-0a50-485a-8daa-b29d2ba737d4,2024-01-05T03:00:00Z,GSW,DEN
e38f6ffc-7991-4c41-9c0e-b51edb2de019,2024-01-06T00:00:00Z,BOS,UTA
e4858ba0-0f70-4b82-b3da-62732d62f8c1,2024-01-06T00:00:00Z,IND,ATL
7aeb3605-a842-4267-ac8a-326decf5e44b,2024-01-06T00:30:00Z,CLE,WAS
e1ace57b-4741-4401-8175-b1428b7def6a,2024-01-06T00:30:00Z,PHI,NYK
e88799ef-74f4-4e2a-9747-ad6f1e4733e1,2024-01-06T00:30:00Z,BKN,OKC
4a98fb3a-44b8-4463-a24b-4e46e20baa26,2024-01-06T01:00:00Z,HOU,MIN
de1e8f24-6a8a-4b64-836e-1e625588655d,2024-01-06T01:00:00Z,CHI,CHA
fc1f5264-398e-491d-9e5c-ccda150dbd7d,2024-01-06T01:00:00Z,NOP,LAC
e3a9dd54-b6a4-4143-8ac4-7068260cac3a,2024-01-06T01:30:00Z,DAL,POR
00d9697d-e3f1-40dc-b914-c0bc9c5de45c,2024-01-06T02:00:00Z,DEN,ORL
97693287-5f97-46eb-9e92-218a2bcb1886,2024-01-06T02:00:00Z,PHX,MIA
9b25d1f5-e81c-4591-871f-cf902aa8a568,2024-01-06T03:00:00Z,SAC,TOR
9ecdf882-dbcd-485a-830d-acc0126bd324,2024-01-06T03:00:00Z,LAL,MEM
de922e26-fd96-4560-a85a-687b936caab8,2024-01-06T03:00:00Z,GSW,DET
01e3abdc-1b56-4d58-8cf0-6498a97698ac,2024-01-07T00:00:00Z,IND,BOS
5db1d941-8fcb-4bf8-9a64-f7dc29846b3c,2024-01-07T00:00:00Z,WAS,NYK
337a27d8-66a8-4b0f-9023-7ef4db127a2d,2024-01-07T00:30:00Z,PHI,UTA
1e97306f-a944-49ec-a867-8217fa4226ee,2024-01-07T01:00:00Z,HOU,MIL
248c9a83-1cd4-4cb3-823c-e3419ae09a89,2024-01-07T18:00:00Z,CLE,SAS
eb65b38c-9bc4-49d2-a098-92fb54e29231,2024-01-07T20:00:00Z,BKN,POR
05135e18-d00b-4656-95b0-4f1022b095d5,2024-01-07T23:00:00Z,SAC,NOP
092b1798-c879-45d3-a234-76928d287938,2024-01-07T23:00:00Z,ORL,ATL
556f8744-71a9-457a-9baa-dff60da2094f,2024-01-08T00:30:00Z,DAL,MIN
069ff483-02f5-40dd-9024-f810fa8d11d8,2024-01-08T01:00:00Z,PHX,MEM
fc49b8d9-e169-4398-ad7f-a7a268a3c08f,2024-01-08T01:00:00Z,DEN,DET
add13221-2da8-4021-a794-da317b70395c,2024-01-08T01:30:00Z,GSW,TOR
83107ea5-0c5b-4acc-8954-eee33b7a626a,2024-01-08T02:30:00Z,LAL,LAC
36c80816-b598-495c-aa0b-798d771d8fda,2024-01-09T00:00:00Z,IND,BOS
4d585ab9-613f-4085-a73c-ac5ccd27bc54,2024-01-09T00:00:00Z,WAS,OKC
4ff65d9a-e6bd-43aa-bb49-71de1b1cac6c,2024-01-09T00:00:00Z,CHA,CHI
0e188b96-4f44-4a96-9bac-a56c680c3f96,2024-01-09T00:30:00Z,MIA,HOU
327371fa-bedc-4ccf-8bbd-9fd1dab45723,2024-01-09T01:00:00Z,MIL,UTA
969cb70a-11c0-4712-a4de-c232a6258b67,2024-01-09T03:30:00Z,LAC,PHX
0fb47eb4-6f55-42f5-91be-ffade24303bc,2024-01-10T00:00:00Z,ORL,MIN
18d45532-767c-4b0b-9ad8-c716b647e39c,2024-01-10T00:00:00Z,DET,SAC
bcded0d1-afd5-4e49-9d75-8a83aeb61401,2024-01-10T00:30:00Z,NYK,POR
04b18995-aaa9-4e59-ab24-366e59a50431,2024-01-10T01:30:00Z,DAL,MEM
d8363472-2516-44a2-952e-3eb41f470648,2024-01-10T03:30:00Z,LAL,TOR
7a01b7fe-9e88-4f29-a147-16f9afce2bf6,2024-01-11T00:00:00Z,CHA,SAC
8ff8d315-d090-474e-b9bd-863e8c21ec01,2024-01-11T00:00:00Z,IND,WAS
d210697f-172d-4e1c-953b-596a4d5a4a34,2024-01-11T00:00:00Z,BOS,MIN
f6d4c20e-adf5-455a-b507-52deeacf109a,2024-01-11T00:00:00Z,DET,SAS
6925c3d0-1dbf-489b-a4ea-1b754aa3a40e,2024-01-11T00:30:00Z,MIA,OKC
70490127-6b79-4a2f-bb66-e5cba771e32f,2024-01-11T00:30:00Z,ATL,PHI
fa2f3d0d-647b-4038-894e-03cd607c7e11,2024-01-11T01:00:00Z,CHI,HOU
38dced31-027d-405d-ba37-f3ce9a6eefc5,2024-01-11T01:30:00Z,GSW,NOP
b07b7643-a468-4374-90d7-f8622c1a7bf8,2024-01-11T03:00:00Z,UTA,DEN
17cf8e1e-5a76-48f2-bed6-da0566950722,2024-01-11T03:30:00Z,LAC,TOR
625163ae-7d43-4f96-97ca-ff1f75c93c78,2024-01-11T19:00:00Z,CLE,BKN
dd3e85eb-86e0-4c11-a2cc-b5a2f4e58975,2024-01-12T00:30:00Z,MIL,BOS
c19fef96-c6c5-4788-89c5-200e3b7cd6ab,2024-01-12T01:00:00Z,OKC,POR
21edb33b-e8ba-4ef5-8281-06d5dd2d7cac,2024-01-12T01:30:00Z,DAL,NYK
3994bcf9-0516-48a5-b77c-ce1fd7573a14,2024-01-12T03:00:00Z,LAL,PHX
cc4c69a5-2786-4241-ae2d-bc2afc16ee21,2024-01-13T00:00:00Z,PHI,SAC
2fa2202e-0221-474b-a1a4-1a47893798a0,2024-01-13T00:30:00Z,ATL,IND
96712a9d-bca8-4ceb-aa56-32f5e1b6a5b5,2024-01-13T00:30:00Z,DET,HOU
461d8e5e-82de-43c8-8e81-ba57e1fb4e1d,2024-01-13T01:00:00Z,MEM,LAC
7ba7dbda-e26b-4306-b3e1-96cc4a2abf47,2024-01-13T01:00:00Z,MIA,ORL
8ef996a3-6cc1-480b-9114-a70fbc9a70c5,2024-01-13T01:00:00Z,MIN,POR
c82b5fc0-ca5c-4a89-bc59-3cac92f9df1a,2024-01-13T01:00:00Z,CHI,GSW
6c065e00-8f16-40fa-9c10-5b47875f5a58,2024-01-13T02:00:00Z,DEN,NOP
c6e600c3-cca9-485f-9da5-f3320cde30b2,2024-01-13T02:30:00Z,UTA,TOR
6e3155f1-7a54-4166-badf-10043a5a1e63,2024-01-13T03:00:00Z,SAS,CHA
e40f5e45-535d-48c0-9dfd-fa07d3a143be,2024-01-14T00:00:00Z,BOS,HOU
319af861-a798-43c1-8f3d-ac25edbd36ee,2024-01-14T00:30:00Z,ATL,WAS
79e32958-8011-4e15-8817-43d85af6eff7,2024-01-14T01:00:00Z,OKC,ORL
850775c7-a290-4f3c-8551-11d5d29e19d2,2024-01-14T01:00:00Z,MIL,GSW
d72a0607-b6ec-4e06-a352-2515042ae017,2024-01-14T01:00:00Z,MEM,NYK
2aa3f04c-02e4-4c14-afa5-66a95d8bd75b,2024-01-14T01:30:00Z,DAL,NOP
61e66222-bf20-404b-b387-816d0210b5c7,2024-01-14T01:30:00Z,SAS,CHI
20b9963f-5562-4129-a164-8f28df9c292c,2024-01-14T02:30:00Z,UTA,LAL
f28824ed-15fb-42e7-95c5-9f0526ae593a,2024-01-14T20:30:00Z,DEN,IND
f2ccddbe-51b2-4024-9759-d70b2466d7fc,2024-01-14T23:00:00Z,MIA,CHA
1a1ff57e-b482-4253-ba48-09125bd532e4,2024-01-15T00:00:00Z,MIL,SAC
8502d738-ee45-4ce8-9af1-5e5c911eb1a4,2024-01-15T00:00:00Z,MIN,LAC
33192c8f-ade0-4c19-9080-81b208382fa2,2024-01-15T02:00:00Z,POR,PHX
23d5d2c6-0211-4111-9fcd-04e8bb729aaa,2024-01-15T18:00:00Z,PHI,HOU
bebda1da-bc49-40d9-8c71-5eea49c5380b,2024-01-15T19:30:00Z,DAL,NOP
35b83f7a-91e3-41e8-8d18-999f18d015f1,2024-01-15T20:00:00Z,WAS,DET
6169df88-f55b-4e3f-b753-806edb71196c,2024-01-15T20:00:00Z,NYK,ORL
68851632-20cc-498e-bfbf-8000c67c8c8c,2024-01-15T20:30:00Z,ATL,SAS
e36dd887-9e05-463b-9895-db67287160b7,2024-01-15T23:00:00Z,MEM,GSW
5798295e-2b77-46c9-99c9-b627cef8fca4,2024-01-16T00:00:00Z,CLE,CHI
2ee364d4-6ee0-4c9a-9060-2516aa5d0d88,2024-01-16T00:30:00Z,BKN,MIA
3af2a7e7-b02e-457e-a34a-445c5eb57145,2024-01-16T00:30:00Z,TOR,BOS
ac3267f5-853c-451e-aa0e-7a5af4d41724,2024-01-16T02:00:00Z,UTA,IND
11bd3826-2810-49a1-9d79-67b4a88103a3,2024-01-16T03:30:00Z,LAL,OKC
a7eef1d7-818a-490d-b68e-d1b84b952df0,2024-01-17T00:30:00Z,PHI,DEN
8e1d43bb-82cb-4883-92c2-3470261a3fe8,2024-01-17T02:00:00Z,PHX,SAC
43e70dd9-4d5d-45df-9ec3-9302bc079846,2024-01-17T03:00:00Z,LAC,OKC
382447f0-b4b9-4dae-947c-d078d11d089c,2024-01-18T00:00:00Z,DET,MIN
03bd2006-8af4-4eeb-829b-5da951e5cd09,2024-01-18T00:30:00Z,CLE,MIL
05d6a4a7-9905-4428-9567-ccc65eb976cc,2024-01-18T00:30:00Z,NYK,HOU
380ed9b9-855a-4af2-8175-b9d52fa20906,2024-01-18T00:30:00Z,TOR,MIA
a10e25d1-d459-4074-a152-d434f2375f1f,2024-01-18T00:30:00Z,BOS,SAS
a7c4dc11-a882-442f-bfb2-97158a976c2c,2024-01-18T00:30:00Z,ATL,ORL
7e19ceaf-29f3-48d0-947b-a1a51e5e7be5,2024-01-18T01:00:00Z,NOP,CHA
b887e60b-7737-4a36-b402-0430afbd5006,2024-01-18T01:30:00Z,LAL,DAL
5a9a11e3-1472-4cf3-b61e-c57c26bb68d5,2024-01-18T02:00:00Z,UTA,GSW
0e7ebfde-2d98-4862-8a29-e26e626978ab,2024-01-18T03:00:00Z,POR,BKN
3a11bd39-79bd-4152-a7a0-3857156456da,2024-01-19T00:30:00Z,NYK,WAS
fd1062e1-2fa9-4e3d-97f6-977037fac09b,2024-01-19T00:30:00Z,TOR,CHI
4b04a855-c5bf-406e-af64-ed3822c639b3,2024-01-19T02:00:00Z,UTA,OKC
112cca3f-f378-44a8-8152-5298add686d9,2024-01-19T03:00:00Z,MIN,MEM
72eae65d-1bf6-4deb-8c81-cd9deb2e1daf,2024-01-19T03:00:00Z,SAC,IND
f4d8330f-b157-43bd-b2a3-42cd926e20e2,2024-01-20T00:00:00Z,CHA,SAS
fda076fd-6829-448c-8dec-d18e2624d797,2024-01-20T00:00:00Z,ORL,PHI
c4b03933-8252-4eb6-8839-12f609e37652,2024-01-20T00:30:00Z,BOS,DEN
52d8815c-ce24-4f97-b318-76d09ef81029,2024-01-20T01:00:00Z,NOP,PHX
b3688d6b-6913-468c-a875-9f7d59683fde,2024-01-20T01:00:00Z,MIA,ATL
70e8d1b6-2aba-4cac-8a2d-d94909bbff8f,2024-01-20T03:00:00Z,POR,IND
93eba985-73a2-44e9-929e-328be746484d,2024-01-20T03:00:00Z,GSW,DAL
30863221-e7bc-4338-8d2f-77a17f9876f4,2024-01-20T03:30:00Z,LAL,BKN
0b90887f-70cf-49a8-8fc0-27d3184a6743,2024-01-20T20:00:00Z,DET,MIL
3dd75ea4-1678-4a5b-84b7-b5402b31d435,2024-01-21T00:00:00Z,WAS,SAS
47b46f99-ce95-42d0-849a-03f1dc047ef1,2024-01-21T00:00:00Z,CHA,PHI
16bdcf04-5452-4ff7-a660-9f015be19331,2024-01-21T00:30:00Z,ATL,CLE
c3bf17e4-96c1-47d2-8f01-9a37b742d082,2024-01-21T00:30:00Z,NYK,TOR
60d1b932-1ec7-4998-86e8-249a2ce2a68e,2024-01-21T01:00:00Z,MIN,OKC
a71dd647-5b31-4b82-8d2d-a31ff65a71bd,2024-01-21T01:00:00Z,CHI,MEM
c580b07d-1471-4b74-b182-50091fd2448b,2024-01-21T01:00:00Z,HOU,UTA
800c58e8-4d30-4d96-8808-fe5baf6f5bb0,2024-01-21T20:30:00Z,LAC,BKN
b7b64a12-aabf-4a49-b902-f2e6dd33475f,2024-01-21T23:00:00Z,ORL,MIA
bfac8711-f29f-4992-a75e-f8b5dd20b9d3,2024-01-21T23:00:00Z,WAS,DEN
12b2696d-3d97-486c-aa5d-3af2075ead78,2024-01-22T00:00:00Z,HOU,BOS
8c1b009a-a8d9-45ea-ad34-3c65d083d81a,2024-01-22T01:00:00Z,PHX,IND
ab3f39bc-fa0e-41c6-80bc-227d3ed9e146,2024-01-22T03:00:00Z,LAL,POR
65fe732b-322d-4d09-bcb3-97d58faab4fa,2024-01-23T00:00:00Z,DET,MIL
82feda8a-c5e3-45bf-bd40-990e7aea2ad1,2024-01-23T00:00:00Z,ORL,CLE
be03cf4c-0977-4ec4-9947-750c8e2ed359,2024-01-23T00:00:00Z,PHI,SAS
e11f5a36-7f0b-410c-8419-afa2cc6fbf3c,2024-01-23T00:30:00Z,TOR,MEM
8c6f038a-17af-47d6-a53c-bec564da20a5,2024-01-23T01:00:00Z,MIN,CHA
2750c9ca-e491-4ad4-afa9-87de02f99b0c,2024-01-23T01:30:00Z,DAL,BOS
14299b6a-774e-4a67-91fb-d32f0ec8d045,2024-01-23T02:00:00Z,PHX,CHI
4010387d-1f9c-4e9c-a0fe-93ed711edd6b,2024-01-23T03:00:00Z,SAC,ATL
be0f3653-f5ab-4a66-b18d-e08a1af6e14d,2024-01-24T00:00:00Z,IND,DEN
ca8616ef-dbc8-4808-b234-65ac4e40c30a,2024-01-24T00:30:00Z,BKN,NYK
35f5e4b2-7599-40ce-9918-e8649c3fe1d0,2024-01-24T01:00:00Z,OKC,POR
ff739695-a74f-40f7-a0df-1a6248fbf1ab,2024-01-24T01:00:00Z,NOP,UTA
4006b46a-601e-450d-ab8a-e83decd02439,2024-01-24T03:00:00Z,LAC,LAL
2b0f8ffc-6b3b-48b8-8c15-329ef179db38,2024-01-25T00:00:00Z,WAS,MIN
57da34be-7c3c-4b25-a610-3c1648a940c6,2024-01-25T00:00:00Z,DET,CHA
a580643d-8dc6-4e8d-a9bd-125ec4185be7,2024-01-25T00:30:00Z,MIA,MEM
38fd0918-90d8-4aaf-b205-9dab1d6fd3a2,2024-01-25T01:00:00Z,HOU,POR
817be394-7623-4cd0-bd61-f64d58c82d68,2024-01-25T01:00:00Z,MIL,CLE
488426b1-8cd4-4ab3-ace3-e04e9e7ffb75,2024-01-25T01:30:00Z,SAS,OKC
933d6c6f-5261-4017-831e-c525426845a6,2024-01-25T02:30:00Z,DAL,PHX
28396ff3-0811-44d5-a795-2464c0a38496,2024-01-25T03:00:00Z,GSW,ATL
05cc2a3e-3a70-4b8f-9cc9-47d226eb48e9,2024-01-26T00:00:00Z,IND,PHI
bf93e871-1138-46f5-971d-f056605ff0f8,2024-01-26T00:00:00Z,WAS,UTA
74904d45-dbed-41c4-8b18-99858de9f034,2024-01-26T00:30:00Z,MIA,BOS
b104817c-7f0f-4f59-b460-34de35bfeff6,2024-01-26T00:30:00Z,NYK,DEN
f6ca3657-c600-42ac-9d33-dc944230eb11,2024-01-26T00:30:00Z,BKN,MIN
2c6266ae-6fd3-4378-8941-901e7e15f19f,2024-01-26T03:00:00Z,GSW,SAC
eefd22e7-5022-40ce-a541-9817aaf1201d,2024-01-26T03:30:00Z,LAL,CHI
02bef342-8bea-4e29-8b54-b968a6b37c7e,2024-01-27T00:00:00Z,CHA,HOU
523b531f-8519-4a3b-8ba6-f277b39a1f16,2024-01-27T00:00:00Z,IND,PHX
a5fdcb20-a59f-42a5-9d1d-2c0dfa8f16df,2024-01-27T00:00:00Z,ATL,DAL
94fe3aa8-e11f-40d1-b1ab-42ffa6806693,2024-01-27T00:30:00Z,TOR,LAC
3e0a1623-e0d9-4477-a5e2-e81ad324bebf,2024-01-27T01:00:00Z,MEM,ORL
47d58238-4528-4205-be5d-6e02e2a55736,2024-01-27T01:00:00Z,MIL,CLE
5ef847b6-c93b-41cb-89a8-ed246a42fe4c,2024-01-27T01:00:00Z,NOP,OKC
079b7aeb-9d19-4d6e-9efc-1e0b4fab98cd,2024-01-27T02:30:00Z,SAS,POR
3069e1f1-17c1-4e90-9857-bad968717624,2024-01-27T17:00:00Z,DET,WAS
2925ddd7-6d61-4e46-8a08-e56a457e958d,2024-01-27T20:00:00Z,NYK,MIA
8e55c58c-0c7a-4cb8-b3ee-e10c6e7d4cdc,2024-01-27T22:30:00Z,DEN,PHI
895cbddd-3984-4640-a28f-07243fc1936b,2024-01-27T23:00:00Z,BKN,HOU
59e8a648-ce10-4bfe-98c1-86d6adf23527,2024-01-28T00:00:00Z,CHA,UTA
de9f6c3e-e90d-4275-81a4-5d99f30e656d,2024-01-28T00:00:00Z,BOS,LAC
b1cbd265-28ef-431e-b5aa-d8b4c8326e9b,2024-01-28T01:00:00Z,MIL,NOP
ca17f8c7-a917-4b4d-9744-e74476a0376d,2024-01-28T01:30:00Z,SAS,MIN
e586b061-9dfc-4b9c-bdb2-85186a02ef46,2024-01-28T01:30:00Z,GSW,LAL
cf17d530-bb63-4c05-8616-afead5aa2ac7,2024-01-28T02:00:00Z,DAL,SAC
b047d4a9-f0b7-4fcf-b858-0f2faeebaea8,2024-01-28T20:30:00Z,IND,MEM
76125ba5-ca46-4538-9fbf-31eccd59417c,2024-01-28T23:00:00Z,DET,OKC
ab2a5c8a-4f0c-4b9a-b254-7db36908762b,2024-01-28T23:00:00Z,ATL,TOR
ca1be2b3-ef37-46a9-bb2d-4ad2d82e9b0e,2024-01-28T23:00:00Z,ORL,PHX
0e2a2c88-2502-478e-b96e-34d66aca9a24,2024-01-29T02:00:00Z,POR,CHI
24b0f9e3-4e3a-4db8-b03e-67bf4f5129af,2024-01-30T00:00:00Z,CHA,NYK
4a72d22f-461b-425f-b049-b46084fd9431,2024-01-30T00:00:00Z,CLE,LAC
5c9e18ce-f4ed-4065-93e4-878eab14afb1,2024-01-30T00:30:00Z,MIA,PHX
c6b98812-dbec-41f6-b2f6-2a81b83a9ac2,2024-01-30T00:30:00Z,BKN,UTA
f56f41a3-1976-4712-927b-663f868a9f45,2024-01-30T00:30:00Z,BOS,NOP
2e285939-3ab2-4ea5-a6ac-e3e6d7a3ab5e,2024-01-30T01:00:00Z,SAS,WAS
808333a8-f5b8-43d3-83df-246775137b69,2024-01-30T01:00:00Z,MEM,SAC
8a6cf3e1-ab81-4904-b4bd-a0d125cfaa62,2024-01-30T01:00:00Z,OKC,MIN
d60011f7-b926-4089-9b83-8cbdb00c5ca6,2024-01-30T01:00:00Z,HOU,LAL
7ecab7c8-592c-4618-bc2a-cf959da6fbc4,2024-01-30T01:30:00Z,DAL,ORL
11912a2b-98e5-460c-ac67-97e4969354ac,2024-01-30T02:00:00Z,DEN,MIL
aea5d84e-3f60-4395-84e5-2352da6dd372,2024-01-30T03:00:00Z,POR,PHI
42d1067b-8797-4a28-af9b-efd1a4335486,2024-01-31T00:30:00Z,NYK,UTA
be55ffdd-fc87-4875-affe-d333eacecd19,2024-01-31T00:30:00Z,ATL,LAL
d2b4f8f6-13a7-4f44-ac98-8f745df97a45,2024-01-31T00:30:00Z,BOS,IND
339b2735-ee71-465a-a4ea-d8ac913d0c5a,2024-01-31T01:00:00Z,CHI,TOR
0dd54e56-eda5-42e2-88cc-578482f446f8,2024-01-31T03:00:00Z,GSW,PHI
26d960a8-27f9-46df-9f10-302ab28b2d7e,2024-02-01T00:00:00Z,CHA,CHI
9ac85655-6a46-49f0-818a-2e376c020655,2024-02-01T00:00:00Z,WAS,LAC
d59fee33-5078-4912-9023-d1b54f5d10a8,2024-02-01T00:00:00Z,CLE,DET
18c9a074-0af7-445d-9913-6fb530b3a776,2024-02-01T00:30:00Z,MIA,SAC
0ffbfa19-7b1c-467c-9a7b-6e5c658f8a34,2024-02-01T01:00:00Z,OKC,DEN
4c5b46cd-afb7-49aa-8e4c-9e03293f5d09,2024-02-01T01:00:00Z,HOU,NOP
71b9599e-07b1-4a0c-8830-e5b2957f1397,2024-02-01T01:00:00Z,MIN,DAL
b42de0db-3f49-452a-bec9-87eacf7e1827,2024-02-01T01:00:00Z,SAS,ORL
5c3c556c-1f5b-4fc7-903b-af5564e40de0,2024-02-01T01:30:00Z,BKN,PHX
22ee70b4-3d5a-4529-9dae-03b0dffc4c47,2024-02-01T03:00:00Z,POR,MIL
5428fd34-545a-473d-91a3-c62b4221591b,2024-02-02T00:30:00Z,NYK,IND
71a1d51e-5e20-455d-ad51-5dfcd96112cd,2024-02-02T00:30:00Z,BOS,LAL
315b78ba-2aba-42a6-9ccd-1c7956ab55f0,2024-02-02T02:00:00Z,UTA,PHI
1b5ccd94-1b8d-4306-a790-2e6dd4cd42b5,2024-02-02T03:00:00Z,MEM,CLE
8471aac8-6215-4ebc-bedb-9ccc25e870d1,2024-02-03T00:00:00Z,DET,LAC
a4166ad7-bfb1-43a1-89ca-4d8075f8f0be,2024-02-03T00:00:00Z,WAS,MIA
b0f7b584-4009-4578-8561-5051013a4e6d,2024-02-03T00:30:00Z,IND,SAC
c28198dd-686e-4086-8c1d-f9bc98b2c6ec,2024-02-03T00:30:00Z,ATL,PHX
50afb362-bce1-4479-b1a7-02f6947a449f,2024-02-03T01:00:00Z,SAS,NOP
60cc6a00-850a-4aa3-8365-149de4e0a671,2024-02-03T01:00:00Z,MIN,ORL
6e3dd3e4-d2a0-4512-bbb4-f1070c537be4,2024-02-03T01:00:00Z,HOU,TOR
75e1e69e-924b-434f-b36d-164289cfe7bf,2024-02-03T01:00:00Z,MEM,GSW
a492b78f-c52c-4011-9e60-7409d5b314d5,2024-02-03T01:00:00Z,OKC,CHA
932c8665-5a00-483b-8cb5-d8fe5360ff24,2024-02-03T02:00:00Z,DEN,POR
a71d9470-068f-43ad-b616-22b893de511e,2024-02-03T23:00:00Z,PHI,BKN
52b0a1bd-62e6-4cb2-9a29-71dc745ce944,2024-02-04T00:30:00Z,ATL,GSW
363ad21e-cf1e-41da-b558-740f72cb46a4,2024-02-04T01:00:00Z,CHI,SAC
1c0169d6-2476-46dc-a685-09f18862139a,2024-02-04T01:30:00Z,DAL,MIL
97fe0fc9-1ecb-426a-909f-08a94967ad14,2024-02-04T01:30:00Z,SAS,CLE
d0550812-9a3a-4eac-9936-530d955b8c6a,2024-02-04T01:30:00Z,NYK,LAL
e11a3105-52aa-414e-ac77-471eb4c62f87,2024-02-04T20:00:00Z,DET,ORL
edc314c2-c7c4-43a9-94d6-2bc071028fd7,2024-02-04T20:30:00Z,WAS,PHX
0fcb6598-32de-42a2-8f95-946862035967,2024-02-04T23:00:00Z,BOS,MEM
996164f4-00b7-47aa-91e5-28e55559d9a8,2024-02-04T23:00:00Z,MIA,LAC
e0d636d9-e466-4570-94f0-04ae3d9db130,2024-02-04T23:00:00Z,CHA,IND
6d4f7b3a-0ae3-4b22-af2f-dd04fcefcad3,2024-02-05T00:00:00Z,OKC,TOR
9b117d60-3585-4211-a2b5-4458f353ebf3,2024-02-05T00:00:00Z,MIN,HOU
440d0420-270d-48e1-8392-541743a42ed7,2024-02-05T01:00:00Z,UTA,MIL
53ccfd01-23b0-47ff-b54f-cff31bd6ccce,2024-02-05T01:30:00Z,DEN,POR
0e6f8fc0-2e9c-474f-9392-837c93b32d4c,2024-02-06T00:00:00Z,PHI,DAL
c3346c1c-c415-4bc8-9274-86a2c5a05703,2024-02-06T00:00:00Z,CLE,SAC
c72f6f2c-dd92-434a-91d3-3def1a205baf,2024-02-06T00:00:00Z,CHA,LAL
04b1815e-c06f-4171-9d02-c88045632524,2024-02-06T00:30:00Z,ATL,LAC
e74c89c6-a91c-41c7-959b-4ac35827309f,2024-02-06T00:30:00Z,BKN,GSW
a83675fd-43f7-490c-ad3d-673a41a3e701,2024-02-06T01:00:00Z,NOP,TOR
91854869-44ca-4ee9-ad82-7f255e7ec20b,2024-02-07T00:00:00Z,IND,HOU
10483b1f-9468-4f0b-8e97-90c4e112905f,2024-02-07T00:30:00Z,MIA,ORL
20b918f0-f3ab-4a77-bebf-3e6a24c59eb7,2024-02-07T00:30:00Z,NYK,MEM
922ed1ce-fe8c-418b-8092-afbdc191ae1c,2024-02-07T00:30:00Z,BKN,DAL
444621c6-0f42-4de0-bab3-f48694b69dee,2024-02-07T01:00:00Z,CHI,MIN
bd127bbe-b14d-43ce-95ae-6114955dd2a0,2024-02-07T02:00:00Z,UTA,OKC
9b117012-cbf2-4d70-9d4b-db50852c3557,2024-02-07T03:00:00Z,PHX,MIL
2edfab52-5465-4193-b860-8b35bbe5794d,2024-02-08T00:00:00Z,WAS,CLE
4d83896e-48b0-48cf-a62a-b0ee0d22bf82,2024-02-08T00:00:00Z,PHI,GSW
b9cf3224-2775-4b3f-9ff5-884f2c6a6999,2024-02-08T00:00:00Z,CHA,TOR
0ab4706e-8ff7-4e63-87e1-37d756d588c2,2024-02-08T00:30:00Z,MIA,SAS
f9b99b5a-b1b3-46c2-a0d4-2ae800c719c0,2024-02-08T00:30:00Z,BOS,ATL
471ec5cb-0949-47a6-afe4-1c6efe3c81a9,2024-02-08T03:00:00Z,LAC,NOP
7765d21b-3ce0-45f7-a6f0-25a5a76cda6e,2024-02-08T03:00:00Z,SAC,DET
1788e97c-26c5-4fa1-94c5-08f2e7cdff50,2024-02-09T00:00:00Z,IND,GSW
a4bc8099-1d93-4637-a9d1-0f894fead33d,2024-02-09T00:00:00Z,ORL,SAS
e66bbb9e-ce01-449c-bf45-46bea71fe3f1,2024-02-09T00:30:00Z,BKN,CLE
ec46ada7-401a-4256-9505-6e7c3d94d18d,2024-02-09T00:30:00Z,NYK,DAL
42bfe796-53f5-42b4-84c2-a90b9b2b14c7,2024-02-09T01:00:00Z,MIL,MIN
914148aa-699c-4931-aac3-f1b7ee6c26c3,2024-02-09T01:00:00Z,MEM,CHI
a6f534ca-146d-4fea-987a-77e7c017ea7a,2024-02-09T02:00:00Z,PHX,UTA
24e3861b-e61f-47c0-9da5-f6ed60152143,2024-02-09T03:00:00Z,POR,DET
72e3ecce-3002-4bbe-90ce-012358bcd006,2024-02-09T03:00:00Z,LAL,DEN
55a895b1-334f-4752-89a1-f9b45454e2b1,2024-02-10T00:00:00Z,PHI,ATL
9ff83444-e5d2-47f2-9b24-0338dd5b518a,2024-02-10T00:30:00Z,TOR,HOU
d8605112-f986-408e-8ed8-9565aa0f8964,2024-02-10T00:30:00Z,BOS,WAS
44d1b09c-9a9e-4cc6-8708-49678a70e77a,2024-02-10T01:00:00Z,MIL,CHA
7d2d54e0-e6d8-4e4e-978a-e11917d4170f,2024-02-10T03:00:00Z,SAC,DEN
8cb61b0e-aeff-41aa-b692-d4b5a3b4007f,2024-02-10T03:30:00Z,LAL,NOP
cc0a2efe-d788-4b9f-9f69-84fa821b5da1,2024-02-10T20:00:00Z,DAL,OKC
8f9e0cdc-e228-40a4-bd13-9fbe999093dc,2024-02-10T20:30:00Z,LAC,DET
8e1fcbf0-6bf7-41ba-bcbb-9900365f0251,2024-02-10T23:00:00Z,BKN,SAS
18526445-4ab2-4bfa-85b0-11b7c5833315,2024-02-11T00:00:00Z,CHA,MEM
a2c5c37e-7b4d-4b18-9025-0bc259b8622b,2024-02-11T00:00:00Z,ORL,CHI
d873677d-0c47-4857-8b0a-62a0419a81fa,2024-02-11T00:00:00Z,WAS,PHI
19e871c1-ed26-406b-94e9-384c76bccb16,2024-02-11T00:30:00Z,ATL,HOU
a5d9b957-9b85-4502-b04d-78b432115aaa,2024-02-11T00:30:00Z,NYK,IND
beeb1dc8-0d27-4aeb-a147-74b41736549c,2024-02-11T00:30:00Z,TOR,CLE
bd4b0911-2515-4e54-92d5-642470081670,2024-02-11T01:30:00Z,GSW,PHX
0dee9114-514d-4cc3-9eaa-a4795a70b9a2,2024-02-11T03:00:00Z,POR,NOP
10dee9b6-c101-4bba-82af-f43f3dcfff30,2024-02-11T19:00:00Z,MIA,BOS
6a935bf2-2146-4d12-9c48-4f553eb8bc77,2024-02-11T20:00:00Z,OKC,SAC
7d8766bd-ec14-44e7-b577-84a03c8c6b62,2024-02-13T00:00:00Z,CHA,IND
da341cd4-f387-471a-bc33-33b1262468dc,2024-02-13T00:00:00Z,CLE,PHI
7d824a3c-949a-4fc1-a8e3-79b03b9e8fda,2024-02-13T00:30:00Z,ATL,CHI
f8ee3dd8-349c-4f7e-b332-76c8d07d440f,2024-02-13T00:30:00Z,TOR,SAS
4b94c315-8dd9-4c82-a7d9-e1e7aa86c8bc,2024-02-13T01:00:00Z,MIL,DEN
b5a8775d-4e3c-47b1-b165-1aaa159b2906,2024-02-13T01:00:00Z,MEM,NOP
de905cb3-20ad-4ae1-9505-bc21e621f18c,2024-02-13T01:00:00Z,HOU,NYK
da378f9d-656e-4f5a-aadc-ea2aa9e7637f,2024-02-13T01:30:00Z,DAL,WAS
2a2b4da6-dccf-4304-8855-956a631bcb1b,2024-02-13T02:00:00Z,UTA,GSW
9f12f954-1022-4066-b51c-b9bff77a312d,2024-02-13T03:30:00Z,LAC,MIN
36f95053-2c21-4132-91f1-a4fbeef05097,2024-02-14T00:30:00Z,ORL,OKC
6b17604d-5604-4531-8fe7-44bb429f1c16,2024-02-14T00:30:00Z,BKN,BOS
367dd00b-1486-47af-8d24-50da82e63bd5,2024-02-14T01:00:00Z,MIL,MIA
0a13e4ac-9136-406e-9d20-4888ecca9118,2024-02-14T03:00:00Z,POR,MIN
8842f434-e03f-4e38-8d91-cbc5b34c3d04,2024-02-14T03:00:00Z,PHX,SAC
0f031e19-4e2f-4af3-b26b-8a19e9a9b61c,2024-02-14T03:30:00Z,LAL,DET
cf3ad524-dc6c-444d-838e-f90138450949,2024-02-15T00:00:00Z,CHA,ATL
d941e939-6974-4496-aa53-f26e94f300ac,2024-02-15T00:00:00Z,ORL,NYK
fd375991-1fd8-4ff4-85b8-8394bcd58935,2024-02-15T00:00:00Z,PHI,MIA
60f3628d-ad67-4305-bfe7-3d715a861240,2024-02-15T00:30:00Z,CLE,CHI
6fdb2fe2-27d6-490d-bcaa-e1f38468e497,2024-02-15T00:30:00Z,TOR,IND
bc4479df-1823-4ca6-8007-55bce565f45f,2024-02-15T00:30:00Z,BOS,BKN
04528dd1-44c8-491e-9092-ba6368b7b482,2024-02-15T01:00:00Z,MEM,HOU
eb3b299f-e3cf-41e9-9571-44fc10501403,2024-02-15T01:00:00Z,NOP,WAS
eadf7511-0e68-4c4b-86ba-a9b9d1db051b,2024-02-15T01:30:00Z,DAL,SAS
0b646e17-fe16-485a-bf72-8a5d4b5277c7,2024-02-15T02:00:00Z,DEN,SAC
0ca54b51-f33a-4810-a686-830630831304,2024-02-15T02:00:00Z,PHX,DET
9bb7ee3b-85cd-40e5-9627-0113e5053954,2024-02-15T02:00:00Z,UTA,LAL
78467caa-2282-4ae0-8614-70844b7d0914,2024-02-15T03:00:00Z,GSW,LAC
df8f5cb4-311a-44fc-9f6e-fe72f5855fba,2024-02-16T01:30:00Z,MEM,MIL
d925525f-5a6e-4b99-a687-88ddd61c5b7c,2024-02-16T03:00:00Z,POR,MIN
3a2e497c-bec2-441a-a45e-ce6cacc70b89,2024-02-23T00:00:00Z,IND,DET
8477aa02-a6f7-4054-95b0-a8eb6f63d051,2024-02-23T00:00:00Z,TOR,BKN
a8de41a5-ac35-4f7d-8fb5-e2c07051dde0,2024-02-23T00:00:00Z,PHI,NYK
d8971b72-f330-4a98-84e8-bd7e5dae125e,2024-02-23T00:00:00Z,CLE,ORL
42e0a622-436d-49be-ac33-39fde3e635a5,2024-02-23T00:30:00Z,DAL,PHX
163db0ef-19be-482c-860d-1b80440dfc2a,2024-02-23T01:00:00Z,CHI,BOS
b071b2b0-e08c-4cdd-be8d-a2bade7d5177,2024-02-23T01:00:00Z,OKC,LAC
b4079b13-d5f4-411d-8ddc-3f63e8446002,2024-02-23T01:00:00Z,NOP,HOU
3abe0b39-0745-481f-b80a-97a25e2e4912,2024-02-23T02:00:00Z,UTA,CHA
93777b48-a9b1-4280-a230-6f7c00d54e9d,2024-02-23T02:00:00Z,DEN,WAS
417cf5e9-0392-449b-ba7a-4576aa337c7b,2024-02-23T03:00:00Z,GSW,LAL
61c89f74-affd-430e-ae7b-0290c127d528,2024-02-23T03:00:00Z,SAC,SAS
518184af-0dfd-4730-8fe8-d54f913a41a8,2024-02-24T00:30:00Z,PHI,CLE
8455d4b9-09c0-43b1-9cad-2e05d0470c59,2024-02-24T00:30:00Z,ATL,TOR
1a4a8ebe-dd6f-4f11-a499-95d61a9f6d36,2024-02-24T01:00:00Z,MIN,MIL
941714d5-9f66-447c-86af-e6153f822561,2024-02-24T01:00:00Z,MEM,LAC
97cabed8-89c3-457b-8237-d96c16b8e874,2024-02-24T01:00:00Z,HOU,PHX
e1209a33-dfa8-42af-ba47-89d8c55d781b,2024-02-24T01:00:00Z,OKC,WAS
3111f305-79b6-44c2-af2c-23ff30b7d3af,2024-02-24T03:00:00Z,GSW,CHA
8305ba4f-cfd4-49ae-9ff6-ae5aac90cb53,2024-02-24T03:00:00Z,POR,DEN
8d455194-8fa3-4d8d-843c-4c89ed8931ff,2024-02-24T03:00:00Z,NOP,MIA
fc9f7af5-97dc-4d9d-b85b-a4d7ac9f78b3,2024-02-24T03:30:00Z,LAL,SAS
36752c24-bd78-4a9b-81e9-7ef788578cb2,2024-02-25T01:00:00Z,DET,ORL
e56cfe42-4678-4dc3-ba65-ec7a3cbfaa8d,2024-02-25T01:00:00Z,MIN,BKN
8dd69bfe-408d-45da-8762-e68a3d17cfe1,2024-02-25T01:30:00Z,NYK,BOS
f3322844-f8bb-4762-8b1f-0c83a267e321,2024-02-25T18:00:00Z,PHI,MIL
c7aeef68-83d8-4118-93ed-7e5770f97329,2024-02-25T20:30:00Z,PHX,LAL
b7e5fe8b-e635-4a2e-99c0-00f4b8c943c4,2024-02-25T22:00:00Z,IND,DAL
741d9e47-8910-4059-a5a7-a0f9fae5a83e,2024-02-25T23:00:00Z,WAS,CLE
1404045b-1531-4e54-863c-fb613b84b1f0,2024-02-26T00:00:00Z,GSW,DEN
15ce8192-426a-401f-b611-eff4313d1a32,2024-02-26T00:00:00Z,ATL,ORL
a4057268-5199-4033-9553-dfc980cb3537,2024-02-26T00:00:00Z,HOU,OKC
cc441abe-f819-4ac5-b483-dd337183f981,2024-02-26T00:00:00Z,NOP,CHI
d5ea3c86-0d21-4733-8a3c-99f42b362b3f,2024-02-26T01:00:00Z,UTA,SAS
bcc8a70a-5347-4bee-bd21-3805090153f3,2024-02-26T02:00:00Z,POR,CHA
639bd186-7061-4cb9-88de-d2d148f8b7e6,2024-02-26T02:30:00Z,LAC,SAC
1a3793a6-94dd-42da-8a4d-8df6b12b710d,2024-02-27T00:00:00Z,IND,TOR
67330a13-b298-4be3-890c-863648360f41,2024-02-27T00:00:00Z,DET,NYK
24b46c19-0465-4426-b791-243904a4514e,2024-02-27T01:00:00Z,MEM,BKN
ecd294a7-3087-4c18-8755-6497708f0b39,2024-02-27T03:00:00Z,SAC,MIA
55d12b84-7b16-4eec-825a-23923e67d8a9,2024-02-28T00:00:00Z,WAS,GSW
5d136373-e4ca-4b91-8764-ea7d2586b8de,2024-02-28T00:00:00Z,CLE,DAL
b30f3cc6-1fe2-43eb-89a0-d04e856a835a,2024-02-28T00:00:00Z,ORL,BKN
0c288119-71d1-4536-a2fe-5b6627455a34,2024-02-28T00:30:00Z,MIN,SAS
24ccafbd-1b6a-49c4-b115-b84d3633bdaa,2024-02-28T00:30:00Z,NYK,NOP
d835ee49-8e71-4616-8e20-417b4fb0be88,2024-02-28T00:30:00Z,BOS,PHI
f7cd38a4-1ad4-4edf-ba90-679059bd28ba,2024-02-28T00:30:00Z,ATL,UTA
7c6ca7d9-01db-41a7-9a2a-875106e9b1f1,2024-02-28T01:00:00Z,MIL,CHA
d95b0a60-1808-48da-b182-d4e98c510ff7,2024-02-28T01:00:00Z,CHI,DET
f9fe44eb-aa3b-4a8d-b8d5-2a2905c73fca,2024-02-28T01:00:00Z,OKC,HOU
cc3a5ada-6506-4ae3-bc0f-5d2667c22314,2024-02-28T03:00:00Z,POR,MIA
fc2a0e92-d931-4ea3-b64a-00d3a983586f,2024-02-29T00:00:00Z,IND,NOP
866f1789-67dc-4a71-87c6-63717cafaf26,2024-02-29T00:30:00Z,MIN,MEM
c73f2765-1af2-4340-a0d9-bfb68d7ddfb8,2024-02-29T00:30:00Z,TOR,DAL
1bd22792-76b5-4324-aa82-3a665ba7c8b0,2024-02-29T01:00:00Z,CHI,CLE
288fb5b5-d939-4f9f-93b5-da9b60ecf128,2024-02-29T02:00:00Z,DEN,SAC
cfd54b96-2d99-4a41-8111-8c22bc8b19e1,2024-02-29T03:00:00Z,LAC,LAL
5c97cac6-4fa8-40e7-83a3-97167922a5f4,2024-03-01T00:00:00Z,CHA,MIL
b9137e70-c71f-4107-80e5-afa96017d07c,2024-03-01T00:00:00Z,ORL,UTA
2b8e99be-e9a2-4f62-b838-4f72f3fcd8b8,2024-03-01T00:30:00Z,BKN,ATL
4bc111f6-4ec2-45f7-a616-40c433f59899,2024-03-01T00:30:00Z,NYK,GSW
6d3c51f2-8589-4b2b-a253-10fcc1524519,2024-03-01T01:30:00Z,SAS,OKC
49f84547-4bca-488f-8f01-028999ea749a,2024-03-01T02:00:00Z,PHX,HOU
0c858680-89e1-47c4-878e-87ea422811d3,2024-03-01T03:00:00Z,DEN,MIA
4bf1a615-76cc-47a2-9f9a-48c54ec68913,2024-03-01T03:30:00Z,LAL,WAS
1b4333c6-bf18-4a15-8e16-c1c0fd630dc1,2024-03-02T00:00:00Z,PHI,CHA
88193daa-82c9-4b3e-92e5-f4c424d01422,2024-03-02T00:00:00Z,DET,CLE
865d7cf3-7edd-43b1-8386-359cf938870f,2024-03-02T00:30:00Z,BOS,DAL
f7bf5112-5e70-465d-bf19-3c02d61581ed,2024-03-02T00:30:00Z,TOR,GSW
3003f0cd-85ff-4554-9ede-52096b43df38,2024-03-02T01:00:00Z,MEM,POR
9dd3ded1-2819-43f2-85aa-9b63fd28d47e,2024-03-02T01:00:00Z,NOP,IND
c16a1b89-90e1-4008-b3db-9a4753cd2b17,2024-03-02T01:00:00Z,MIN,SAC
0f6a0a9d-db85-498a-b3d8-45df846cb066,2024-03-02T03:00:00Z,CHI,MIL
a308ef85-6728-4a9d-8d6a-d9b84aa54944,2024-03-02T03:30:00Z,LAC,WAS
f5b83bb8-1ddf-4b56-b8a0-75b8d1885a4e,2024-03-02T20:00:00Z,BKN,ATL
715a779a-4f5a-4be9-be1a-faabb09b79ab,2024-03-02T22:00:00Z,MIA,UTA
51ff1342-a47b-4958-a71e-863e00941517,2024-03-03T01:00:00Z,MEM,POR
7369c6c2-1523-44c2-8693-5e4837e58560,2024-03-03T01:30:00Z,LAL,DEN
75a2e49e-029c-478c-88cf-799e22dff19b,2024-03-03T02:00:00Z,PHX,HOU
583e4ca7-5e67-4393-b704-aa925a32912a,2024-03-03T18:00:00Z,DAL,PHI
71195cdc-bbe2-4e03-a50c-c975e92b15ae,2024-03-03T20:30:00Z,BOS,GSW
b73a057f-7b18-4663-bff7-7610e87b453d,2024-03-03T20:30:00Z,MIN,LAC
8001f467-e343-4b76-ab4d-f3d1c4576fc2,2024-03-03T23:00:00Z,ORL,DET
e882c37d-0de3-472c-af95-146579a9b790,2024-03-03T23:00:00Z,TOR,CHA
410b14a5-cf07-4d5f-b5ba-9e09c732c2f3,2024-03-04T00:00:00Z,CLE,NYK
fe96e30d-fbdc-4e9c-8fca-0156e5aed851,2024-03-04T00:00:00Z,SAS,IND
47fea2aa-6644-4d79-8a28-320bc67a7568,2024-03-04T02:30:00Z,PHX,OKC
c5180192-e548-4243-9785-6a76ccc1be32,2024-03-05T00:30:00Z,BKN,MEM
b01932d8-9ada-4e12-92b7-ae91498ed501,2024-03-05T01:00:00Z,MIN,POR
f5db4fd9-0e9a-4e1f-bd13-03835b1a8f7a,2024-03-05T01:00:00Z,MIL,LAC
818f67e2-ffdc-43f1-8b86-9be13dfcdd98,2024-03-05T02:00:00Z,UTA,WAS
f9fed036-0b8e-4363-b2bd-487aecf59295,2024-03-05T03:00:00Z,SAC,CHI
10bec4e7-c941-42f4-ab72-b65e1dcd9861,2024-03-05T03:30:00Z,LAL,OKC
a2b87679-0fd9-44d5-8715-644cbef07eec,2024-03-06T00:00:00Z,CHA,ORL
cbdba97d-6cbc-4c5d-94e6-3f3183313191,2024-03-06T00:00:00Z,CLE,BOS
237b8d1a-2c0e-472c-b0cb-2f5e9096aad4,2024-03-06T00:30:00Z,MIA,DET
979ee1a3-ca89-4f59-a4d4-6aa9c8946a40,2024-03-06T00:30:00Z,NYK,ATL
b4e60aaf-4896-4d1e-940f-860287531e6f,2024-03-06T00:30:00Z,BKN,PHI
c93fcb05-ae7a-4ec8-a1e3-35de8e0c8621,2024-03-06T00:30:00Z,TOR,NOP
7ef91e31-269d-4e71-8a2d-095b27439e91,2024-03-06T01:00:00Z,HOU,SAS
b48aca6e-7277-413c-83e3-72bf2a7c81f2,2024-03-06T01:30:00Z,DAL,IND
dc0f9c70-1c21-4481-aac8-24c2d2c84e1e,2024-03-06T03:00:00Z,DEN,PHX
c9a3990d-70cd-4bc7-b400-20e8ef9ae8c5,2024-03-07T00:00:00Z,WAS,ORL
064ef384-1e47-4672-ad63-faec650c1e06,2024-03-07T00:30:00Z,PHI,MEM
e50d4de9-bd4b-4439-afb0-3f22e7eff3ee,2024-03-07T00:30:00Z,ATL,CLE
c49e4710-8075-41bb-8782-13651cb06a0d,2024-03-07T01:00:00Z,HOU,LAC
3f415ed2-53f0-47fd-81db-b94a29a8b18b,2024-03-07T02:00:00Z,UTA,CHI
03bc2e01-7f01-4251-8c97-df83d2318c69,2024-03-07T03:00:00Z,POR,OKC
d601c372-43e3-4c7e-8139-f08fb0f2cd61,2024-03-07T03:00:00Z,GSW,MIL
bfb83e58-15af-40a2-a905-9275b7cf8471,2024-03-07T03:30:00Z,LAL,SAC
34a5dd76-a05c-4169-a4c4-b5451c16011b,2024-03-08T00:00:00Z,IND,MIN
9b8fb9ab-0c53-4f1b-baab-7a8edbd08f00,2024-03-08T00:00:00Z,DET,BKN
48dca724-1267-4db3-af4a-3127f50d4142,2024-03-08T00:30:00Z,DAL,MIA
e0f58ed3-b548-47ae-9cf8-b605592759f9,2024-03-08T02:00:00Z,PHX,TOR
73c6bea0-f793-4ec4-a73b-e9f1643f21b7,2024-03-08T03:00:00Z,GSW,CHI
921a2fd7-1d27-4881-87aa-92c781f5148c,2024-03-08T03:00:00Z,DEN,BOS
cb55fba3-ef8b-4264-9cb6-2535c9241f46,2024-03-08T03:00:00Z,SAC,SAS
06f35373-9792-4f46-9394-8b876ed7dada,2024-03-09T00:00:00Z,PHI,NOP
672a9004-ecc7-48ca-8311-9dd24cf51714,2024-03-09T00:00:00Z,WAS,CHA
a4e5ad6d-e3d9-4586-892d-43a0c1516368,2024-03-09T00:30:00Z,CLE,MIN
bd111c47-4213-41f2-920f-f20e024d5c9f,2024-03-09T00:30:00Z,NYK,ORL
fa0c34ac-8894-41ec-a548-7c566df16549,2024-03-09T00:30:00Z,MEM,ATL
f85aec4a-2c60-42ae-8ac2-47a555ec6a7e,2024-03-09T01:00:00Z,OKC,MIA
a80f95fb-7fef-405b-ac93-d6f5da95d9b3,2024-03-09T03:00:00Z,POR,HOU
b57c82b4-7369-4e1d-8619-e96cb59ae053,2024-03-09T03:00:00Z,LAL,MIL
908a5fbb-8770-454b-a50c-ac9d217bcbd4,2024-03-09T21:00:00Z,LAC,CHI
1bc0c1d6-318c-45c3-8dfd-9c9f98813602,2024-03-10T00:00:00Z,CHA,BKN
532ed425-6399-4dc2-a9a6-13d55a9273d4,2024-03-10T00:00:00Z,DET,DAL
653d65fb-0302-44cf-ba86-8ebd5a379ff9,2024-03-10T01:30:00Z,PHX,BOS
f72fda8c-3465-4342-beba-8d373ee8a899,2024-03-10T01:30:00Z,GSW,SAS
4674f8f2-09d0-4bd6-a921-5a4ee5f6e643,2024-03-10T03:00:00Z,POR,TOR
be064df9-cac2-4d7e-961c-8420c9752d64,2024-03-10T03:00:00Z,DEN,UTA
4116a5e8-1d5e-4343-90d2-704f408968f3,2024-03-10T19:00:00Z,LAC,MIL
458e054e-426c-49f8-80de-fa0f7404148c,2024-03-10T22:00:00Z,NYK,PHI
54f7f11c-7520-4184-b84a-a60dc1fab045,2024-03-10T22:00:00Z,ORL,IND
765bfc60-7407-4ca8-a79b-2b8d73bdb188,2024-03-10T22:00:00Z,MIA,WAS
bfeeae70-e8b4-4fac-97c8-20e3a4e616c1,2024-03-10T22:00:00Z,SAC,HOU
d4e85158-bb46-4e6a-8f00-538d63579469,2024-03-10T22:00:00Z,ATL,NOP
0dd36a11-27a4-4c7b-8983-2a1bf1a4d1db,2024-03-10T23:00:00Z,CLE,BKN
4026f2f9-169d-4a7a-bd50-d485252061e5,2024-03-10T23:00:00Z,OKC,MEM
53d1a56d-5ec8-451a-a96f-94644b3e5084,2024-03-11T01:30:00Z,LAL,MIN
fe57a1fd-a1bc-42b8-bdcd-84c2d3263ab5,2024-03-11T23:00:00Z,DET,CHA
6b5377d1-56e1-4a4d-a9bb-0e50e0f949e4,2024-03-11T23:30:00Z,CLE,PHX
4665cbf6-7f50-42b0-8a7f-cef1f0daa732,2024-03-12T00:00:00Z,SAS,GSW
cdfebaeb-6652-4f6e-9e9a-57d8cff017dd,2024-03-12T00:00:00Z,CHI,DAL
56dea8cf-4e32-463d-b73f-8ce29a5fc42e,2024-03-12T01:00:00Z,DEN,TOR
0bf8d4ec-5dc9-4618-8547-231a5ef0ca21,2024-03-12T02:30:00Z,POR,BOS
b5c4cac3-1881-4b11-a5fc-6692fd02b8b7,2024-03-12T23:30:00Z,NYK,PHI
194c4962-5e55-4ea2-b9f1-e70f94d7caf2,2024-03-13T00:00:00Z,MEM,WAS
96ffd77d-e495-4789-ad56-82aa3b0e36e1,2024-03-13T00:00:00Z,OKC,IND
d072fc2f-dcd9-4600-9e5f-05c90930fe2c,2024-03-13T00:30:00Z,SAS,HOU
7b4b8f7c-70be-4930-a3ae-544a2efcbec3,2024-03-13T01:00:00Z,UTA,BOS
36886813-d7a2-41f8-ac8c-589e554ab98b,2024-03-13T02:00:00Z,LAC,MIN
5af5e3a7-6147-40aa-aaf2-a32a525045fc,2024-03-13T02:00:00Z,SAC,MIL
20df65ac-5b70-4f1d-a899-2daa6c9acf61,2024-03-13T23:00:00Z,ORL,BKN
f38c3c12-1ca2-4a31-86a8-3dc941021dd1,2024-03-13T23:00:00Z,DET,TOR
bc2b3a64-3b8d-47a5-8220-6254e57a820f,2024-03-13T23:30:00Z,MIA,DEN
da9068b8-2318-4a05-90a3-83474dac3a2b,2024-03-13T23:30:00Z,IND,CHI
bee37f20-93c4-48e3-a579-d0a3b4434e25,2024-03-14T00:00:00Z,NOP,CLE
d2699d7f-f43e-4b4c-afd5-9e1c5baeb2d3,2024-03-14T00:00:00Z,MEM,CHA
2424d0c0-572e-4902-8aa3-553ecd1ed67c,2024-03-14T00:30:00Z,DAL,GSW
b98cfedc-245e-493f-9843-f2ec26c0d0b7,2024-03-14T02:00:00Z,SAC,LAL
f18c7b95-5690-4067-8aa0-0800df47e268,2024-03-14T02:00:00Z,POR,ATL
462ebeaf-86ba-4bdb-a35d-036478d2981a,2024-03-14T23:30:00Z,BOS,PHX
9c90706b-25c6-40cf-8829-137a007f5fd4,2024-03-15T00:00:00Z,CHI,LAC
a696656b-05d5-47ac-93ea-38b926ad8b83,2024-03-15T00:00:00Z,HOU,WAS
b0517321-653b-46cb-b7ce-09f5b41ca40c,2024-03-15T00:00:00Z,MIL,PHI
3d1ee565-7dc4-4c29-8f21-26bea91552a7,2024-03-15T02:00:00Z,OKC,DAL
d7547652-3b55-41da-bb9c-40668d1ae4e5,2024-03-15T02:00:00Z,POR,NYK
201c64ae-1fb9-47ff-b7f6-374e5b2e4710,2024-03-15T23:00:00Z,DET,MIA
96d0d8d7-a605-428c-8bbf-fbb926c63b3b,2024-03-15T23:00:00Z,CHA,PHX
d8189cd6-f00f-4277-8dec-77fa256120d0,2024-03-15T23:30:00Z,TOR,ORL
c07d14d5-0374-47b0-baa7-5aca81ca3175,2024-03-16T00:00:00Z,NOP,LAC
7d134424-d512-4bb5-98c7-4cf18f2a54fd,2024-03-16T00:30:00Z,SAS,DEN
a6cd8f05-efe7-4eb8-88b3-9f7929d4f060,2024-03-16T01:30:00Z,UTA,ATL
807bb5af-b860-40ac-94b7-3308184e15ca,2024-03-16T21:00:00Z,HOU,CLE
029d99fc-2b3e-4b15-bb80-2f0bf0e6786c,2024-03-16T23:00:00Z,NOP,POR
5cde06b6-2299-4522-9508-455ce9ff5cc0,2024-03-16T23:00:00Z,PHI,CHA
e9901b64-4a27-4ee0-aa79-3dc3df7f940d,2024-03-16T23:00:00Z,IND,BKN
83af4951-5360-41d3-b295-98b9a5661982,2024-03-17T00:00:00Z,CHI,WAS
d3e46aee-0a33-4c89-b266-8e1f29278b69,2024-03-17T00:00:00Z,MEM,OKC
3b30bfe8-63d7-41e4-aa1e-45aa377d7e88,2024-03-17T00:30:00Z,LAL,GSW
b5190267-bf65-48dc-8dc2-a6c99660b3e7,2024-03-17T01:30:00Z,UTA,MIN
b8a401d4-b68e-4f5c-b267-6f248c13e77e,2024-03-17T02:00:00Z,SAC,NYK
98451fed-2745-4c63-b93c-517635bf1a97,2024-03-17T17:00:00Z,MIL,PHX
c272c94d-5300-4e5b-91f6-8402c6ef90e5,2024-03-17T19:00:00Z,DET,MIA
819aa576-c9b2-4e10-9d10-bdd6ff54b24a,2024-03-17T19:30:00Z,DAL,DEN
2424e58d-5baa-4688-b2ca-e5819919fe2f,2024-03-17T22:00:00Z,ORL,TOR
fa85876e-422f-4698-bb38-d562a48bf99a,2024-03-17T22:00:00Z,WAS,BOS
ccfea4d4-84d4-43ee-bfa7-2c9f31e969be,2024-03-17T23:00:00Z,SAS,BKN
ecf8bf99-3542-4571-bd85-2e2d18f22a10,2024-03-18T01:30:00Z,LAC,ATL
93e11913-58a3-4fae-9013-43c1561a5d21,2024-03-18T23:00:00Z,IND,CLE
27fa5951-b6d6-430a-9a07-b4cbef5587dd,2024-03-18T23:30:00Z,PHI,MIA
79bd87b1-c57b-42b3-9d58-683d64aadcae,2024-03-18T23:30:00Z,BOS,DET
aff71d57-0fcd-456a-a4ca-3f321371e2cf,2024-03-19T00:00:00Z,CHI,POR
796a7d8f-3cbf-42fc-8af6-6cc2bd2f7746,2024-03-19T01:00:00Z,UTA,MIN
9adfce69-aa88-40f3-8fd5-d5aca41ff7f7,2024-03-19T02:00:00Z,SAC,MEM
bd9f13c8-6cb8-459a-a87f-8b679fdc1142,2024-03-19T02:00:00Z,GSW,NYK
f2ffd19c-544c-412f-b63b-4ccc617c7910,2024-03-19T02:30:00Z,LAL,ATL
6ee25961-8cc1-43fb-aa71-e1dd6a5aa947,2024-03-19T23:00:00Z,WAS,HOU
df3e4284-8c49-4c23-8733-2d027787bcf6,2024-03-19T23:00:00Z,ORL,CHA
fc0492af-f8f0-4dc2-9f58-ff1d301f736a,2024-03-19T23:30:00Z,BKN,NOP
044d7187-8d5d-4ea9-9076-9e76c7bb71c6,2024-03-20T00:00:00Z,SAS,DAL
4edec48c-7d2f-45a0-9b79-b807384316ad,2024-03-20T01:00:00Z,MIN,DEN
a0938a8c-c68d-4b7b-8d2b-868bf7227d0d,2024-03-20T23:00:00Z,CLE,MIA
a9c20cb9-fd10-4667-996a-f6454e3e3e34,2024-03-20T23:00:00Z,DET,IND
490054f0-71d9-4968-9c9d-41f6ceb477d5,2024-03-20T23:30:00Z,TOR,SAC
916dd342-33e9-46ae-bf44-9a4022da00ce,2024-03-20T23:30:00Z,BOS,MIL
788bb69b-3e1d-4c0b-8d35-5c9a162f8a14,2024-03-21T00:00:00Z,OKC,UTA
1ac8b763-b35b-43fb-aa6d-20b590755889,2024-03-21T02:00:00Z,POR,LAC
62f01e16-dcf7-4daa-b63a-f56244a9f61e,2024-03-21T02:00:00Z,PHX,PHI
69af9e9f-bd96-4668-9f64-3731beeed5f6,2024-03-21T02:00:00Z,GSW,MEM
6058eea7-b772-4d3a-b8a1-7fe817b5e2ac,2024-03-21T23:00:00Z,ORL,NOP
67f0fe05-82d2-405c-905d-b3bb1411fd28,2024-03-21T23:00:00Z,WAS,SAC
692bd395-4fbc-4ec0-a8fb-28d94c3dd226,2024-03-22T00:00:00Z,MIL,BKN
86ea8447-4ab1-4757-b08e-c577b24ccc38,2024-03-22T00:00:00Z,HOU,CHI
d472ec43-40f6-460c-82a1-f8bc9a858828,2024-03-22T00:30:00Z,DAL,UTA
5ea8b0ef-1699-408e-b5fe-80c995cfc68f,2024-03-22T01:00:00Z,DEN,NYK
8b371983-ad80-4cfa-926c-6cbcebcdbd1c,2024-03-22T02:30:00Z,PHX,ATL
16b5f8b7-1600-4a02-9e42-cb3c3c054715,2024-03-22T23:00:00Z,TOR,OKC
2d81a58e-4625-423c-a0c2-92041dec7e43,2024-03-22T23:00:00Z,DET,BOS
44d514d1-1a9b-42cd-86bc-56c10cd3d824,2024-03-23T00:00:00Z,MIN,CLE
8c99aa2d-2ca1-4f66-a880-17123c9ef55d,2024-03-23T00:00:00Z,SAS,MEM
a9b02835-9dd6-48c7-b6fc-04cacdf7fc49,2024-03-23T00:00:00Z,MIA,NOP
269fafbc-e30a-4017-8ed4-2c8dc770a36a,2024-03-23T02:00:00Z,POR,LAC
57f76672-1c4c-4f51-8547-c3369686f02d,2024-03-23T02:00:00Z,GSW,IND
2e86f56e-2188-4081-8ef9-4c7b773b4a04,2024-03-23T02:30:00Z,LAL,PHI
10abbf7a-a79a-4d80-9c46-b50134b0941f,2024-03-23T17:00:00Z,NYK,BKN
4fba5834-d1f4-41d5-9ced-a503395cd342,2024-03-23T23:00:00Z,ORL,SAC
9f92a808-e4a4-45fd-b918-7a165d2cabc7,2024-03-23T23:30:00Z,ATL,CHA
566fa9ab-4c7f-49eb-b6be-c06340f22701,2024-03-24T00:00:00Z,WAS,TOR
8e46dc13-ba21-4e67-bec4-56c82b75c28a,2024-03-24T00:00:00Z,CHI,BOS
a144ebfc-b78d-4bdf-8a75-89559824d24d,2024-03-24T00:00:00Z,SAS,PHX
fc97532f-ad38-4b85-9027-6ca34f04d34c,2024-03-24T00:00:00Z,HOU,UTA
1557f1ae-7468-4e3a-a95f-fcc998c6e7b3,2024-03-24T02:00:00Z,POR,DEN
fb36dbde-bdc2-47d1-9693-328417e290ab,2024-03-24T19:00:00Z,DET,NOP
220779ff-b5a5-4880-8e91-12d7023bc677,2024-03-24T19:30:00Z,LAC,PHI
a7d5f21c-c626-42e3-adda-a056115c510c,2024-03-24T22:00:00Z,MIA,CLE
aa438b33-1add-4dc0-a019-2e21b3d870a9,2024-03-24T23:00:00Z,MIL,OKC
cfbba6d9-3657-41a1-8b3a-273cfb1642ff,2024-03-24T23:00:00Z,MIN,GSW
177ef99e-8153-4501-974a-f9f629154d8a,2024-03-25T02:00:00Z,LAL,IND
c0a033f8-980f-4f28-80ed-87064bf02faf,2024-03-25T23:00:00Z,CLE,CHA
2fe68f1a-961d-4b4d-83b8-37afd0a9ba43,2024-03-25T23:30:00Z,ATL,BOS
7384fa99-a5b1-4b7e-83e4-833ad11cd346,2024-03-25T23:30:00Z,NYK,DET
89a6cd60-6c07-4aa0-904e-b1b3ea6ad5ed,2024-03-25T23:30:00Z,TOR,BKN
8335d7ef-823b-45cc-97c4-b49b76de1d9a,2024-03-26T00:00:00Z,SAS,PHX
aced73f7-a8de-4f73-8542-9bb2f344ca82,2024-03-26T00:00:00Z,HOU,POR
f3dbe255-57a3-4415-8328-710e08388b54,2024-03-26T00:00:00Z,CHI,WAS
30f0412a-11af-4d3a-b655-edb8ccc8b7c3,2024-03-26T01:00:00Z,DEN,MEM
7ad0eb65-6121-45e7-b505-8c4d583be5ab,2024-03-26T01:00:00Z,UTA,DAL
a6c71e69-6cc8-478a-a5b3-1a95f2b2f528,2024-03-26T02:00:00Z,SAC,PHI
f5dd93d7-a721-4211-b7e7-bc750dd2c1e5,2024-03-26T02:30:00Z,LAC,IND
b79f955f-616e-47c8-8c74-a73f90ca7047,2024-03-26T23:30:00Z,MIA,GSW
da0bcae5-3f4c-48a3-ac19-f240051ced3e,2024-03-26T23:30:00Z,MIL,LAL
12b5a335-e81e-4721-aa8b-0af3f98e6588,2024-03-27T00:00:00Z,NOP,OKC
08c0ada8-5a32-4e69-9099-c9cc5e6c3682,2024-03-27T02:00:00Z,SAC,DAL
4ff47276-508f-4771-869d-9297800c1ca4,2024-03-27T23:00:00Z,CHA,CLE
613eb2ec-eeb1-41f5-83ea-bb51100e3a28,2024-03-27T23:00:00Z,WAS,BKN
8c354ea8-f28f-43cb-919d-93e6fb4dbad9,2024-03-27T23:00:00Z,ORL,GSW
d1809e2c-d384-4a0e-acfa-b44f47f452cd,2024-03-27T23:30:00Z,TOR,NYK
ee6336ef-7bd3-4145-a243-a5cc11aad00e,2024-03-27T23:30:00Z,ATL,POR
f59155be-4c0e-4321-a7b4-456e027224ed,2024-03-27T23:30:00Z,PHI,LAC
8e0581d2-4a27-42e7-8dbb-9fbb032f4be0,2024-03-28T00:00:00Z,CHI,IND
93eb18e8-7a3e-4c84-9dd6-829e28c90679,2024-03-28T00:00:00Z,MIN,DET
e5b4187c-f807-42fc-b64f-ede1bc571231,2024-03-28T00:00:00Z,OKC,HOU
edc34128-f7fe-43bb-8c89-30b0d546d77c,2024-03-28T00:00:00Z,MEM,LAL
d5ea6f83-c10c-47ee-9152-5e8ad7f4c322,2024-03-28T01:00:00Z,UTA,SAS
c7f60cd8-8e91-4fc8-8494-5c9bcb5bb4dd,2024-03-28T02:00:00Z,DEN,PHX
9b6eed10-ffa2-4a57-a611-50873a173ea4,2024-03-28T23:30:00Z,ATL,BOS
4728e35a-80b7-49fe-b363-edf472e99704,2024-03-29T00:00:00Z,NOP,MIL
0c04ad7d-af8b-47d6-86c7-3f8c64c1a6ff,2024-03-29T23:00:00Z,WAS,DET
30998048-0186-4b12-9bb7-cd077190e40d,2024-03-29T23:00:00Z,ORL,LAC
5ef14b3c-c9a6-4eb5-90a5-c1801ddecbe7,2024-03-29T23:00:00Z,IND,LAL
9991af68-9e19-451b-9a3b-eb72018c1717,2024-03-29T23:00:00Z,CHA,GSW
6d46fb82-b142-4732-87d6-c2408ddbd207,2024-03-29T23:30:00Z,BKN,CHI
91d296d0-a77a-481a-b2de-20808f339559,2024-03-29T23:30:00Z,CLE,PHI
3abb7355-50e9-4712-894f-7cd5e9c5a17b,2024-03-30T00:00:00Z,OKC,PHX
883505ed-4ff3-428d-9860-470b789ac0f0,2024-03-30T00:00:00Z,MIA,POR
c673beb7-7282-4472-b4be-1e0c5142d8f4,2024-03-30T00:00:00Z,SAS,NYK
e607204a-06e1-4a46-a1b0-d521c9e18bb3,2024-03-30T01:00:00Z,DEN,MIN
6526ff59-5ebf-4cb2-a27d-c79ac8ca7ccc,2024-03-30T01:30:00Z,UTA,HOU
08f8e843-1c24-4cff-8976-292fd05d04f7,2024-03-30T02:00:00Z,SAC,DAL
3bd10a1f-fec9-4d1d-acb5-03693062301a,2024-03-30T21:00:00Z,NOP,BOS
31e55d48-05ca-46f9-bc6f-24c44c1171ae,2024-03-30T23:00:00Z,ORL,MEM
c3445905-de25-427b-acfa-4ad077ab26a0,2024-03-30T23:30:00Z,ATL,MIL
f5909286-5547-4777-9a7e-66b604a86b5b,2024-03-31T19:30:00Z,DEN,CLE
27db803f-e6f5-4e10-af45-b02cac02ff27,2024-03-31T22:00:00Z,TOR,PHI
6bc4dd6a-bd40-45f8-947f-0e9ae6a502ae,2024-03-31T22:00:00Z,WAS,MIA
9aaede7e-289e-4884-a59b-6aa67560f049,2024-03-31T22:00:00Z,CHA,LAC
c45f61aa-8c12-4ecb-95cd-23cbf0e547b9,2024-03-31T22:00:00Z,BKN,LAL
16d03082-664f-4c9a-9c6d-3b0526e2691a,2024-03-31T23:00:00Z,SAS,GSW
7ce628a3-5e3d-4c41-8804-9364b3c70fcd,2024-03-31T23:00:00Z,HOU,DAL
948511ac-f445-45e2-a455-7aa908ab5965,2024-03-31T23:00:00Z,MIN,CHI
d8a02be3-d80a-4c19-9ef3-df12afc5a3eb,2024-03-31T23:00:00Z,NYK,OKC
0a923293-2f43-44bd-9fc7-9b41d4779615,2024-04-01T01:00:00Z,SAC,UTA
3fa6396b-08e8-49b1-a858-5b5b30039ab1,2024-04-01T23:00:00Z,IND,BKN
60bf06eb-ef07-4631-8e27-ded6e024277d,2024-04-01T23:00:00Z,CHA,BOS
9a1c3df7-717a-4232-a1f2-bba3e9e80eb6,2024-04-01T23:00:00Z,DET,MEM
e0270631-e142-473b-a6a9-223a5be23fc4,2024-04-01T23:00:00Z,ORL,POR
65c2a5dc-d95d-4e4c-ab0d-7a23e99a3e3e,2024-04-02T00:00:00Z,CHI,ATL
c778564c-d53f-487e-b4b7-b5dee94ac431,2024-04-02T00:00:00Z,NOP,PHX
19791516-2ffd-49b1-b9e1-4553eb6927ec,2024-04-02T23:00:00Z,PHI,OKC
7ac81549-2da3-4935-b6ef-dc8a463b6274,2024-04-02T23:00:00Z,TOR,LAL
b4676a70-002f-4f5d-bcf4-5fb898161b18,2024-04-02T23:00:00Z,WAS,MIL
4b598413-0ea8-473b-a48e-520264b7f74a,2024-04-02T23:30:00Z,DAL,GSW
bd49874b-6c5e-446c-b080-61393caa5467,2024-04-02T23:30:00Z,MIA,NYK
90798c84-1881-46de-bc53-39387faecaba,2024-04-03T00:00:00Z,MIN,HOU
3ce1028a-6497-46a2-8cbd-ec55cba6f6fd,2024-04-03T01:00:00Z,UTA,CLE
87cf585a-a9e9-45e5-ae2d-472394faef4d,2024-04-03T01:00:00Z,DEN,SAS
bd8133c5-9eb0-430d-829e-755702d23ace,2024-04-03T02:00:00Z,SAC,LAC
7bac8648-0372-436f-a8b3-90567f732aae,2024-04-03T23:00:00Z,CHA,POR
c4ab090e-9a7d-416a-b949-f7f5b5d8f339,2024-04-03T23:00:00Z,WAS,LAL
16aed93b-cb1f-46a0-b68e-513f4d61faaa,2024-04-03T23:30:00Z,ATL,DET
1e59b606-e2e3-46ed-b9ed-be115bd160c5,2024-04-03T23:30:00Z,BOS,OKC
6af09b2d-0483-4616-a2ec-b2f5d34ba3c9,2024-04-03T23:30:00Z,MIL,MEM
d07098c0-a722-4ebe-9787-fc06bf26acb5,2024-04-03T23:30:00Z,BKN,IND
5b9775f6-61e8-4407-aaee-eb2b8c9a27d7,2024-04-04T00:00:00Z,NOP,ORL
7ac5fe68-6962-4f28-9bbb-85aa137f00cd,2024-04-04T00:00:00Z,MIN,TOR
afb6b532-b001-4889-b4c6-ded47e4226b7,2024-04-04T02:00:00Z,PHX,CLE
34a90621-b50e-4cbc-93dd-74a7c4216eb0,2024-04-04T23:30:00Z,MIA,PHI
34d50d9b-e65d-42bb-aecc-8efc7a90ba5a,2024-04-04T23:30:00Z,NYK,SAC
ba926890-b722-4628-aac6-1963963d8e83,2024-04-05T00:00:00Z,HOU,GSW
2d62d8ab-f6fd-45b2-94f7-49622180067f,2024-04-05T02:00:00Z,LAC,DEN
55f44c7f-7fd7-4a3e-9c99-64d23577f108,2024-04-05T23:00:00Z,CHA,ORL
80d86c7b-c89c-4ff8-b253-c8989296a0d4,2024-04-05T23:00:00Z,WAS,POR
cf6788e6-399e-4226-9691-af390d44c8d6,2024-04-05T23:00:00Z,IND,OKC
4cc1a0a3-b8f9-4a5b-afe3-d8f3de4ac996,2024-04-05T23:30:00Z,BOS,SAC
632e819d-836d-4895-80cb-3adb8e28076c,2024-04-06T00:00:00Z,NOP,SAS
a01a84c9-2118-464f-a94c-c59db9961e30,2024-04-06T00:00:00Z,MEM,DET
ae003ab1-8065-49d9-b12b-54f95d38c863,2024-04-06T00:00:00Z,HOU,MIA
cb75bb4f-4c62-41a2-bf81-6fa45f2950ca,2024-04-06T00:00:00Z,CHI,NYK
ec871d98-d832-41a1-9de4-4f57ec4b00db,2024-04-06T00:00:00Z,MIL,TOR
30832349-f998-4123-818f-dfa160efa686,2024-04-06T00:30:00Z,DAL,ATL
0fb1ab62-6352-4841-8ecb-ff886ab1791a,2024-04-06T02:00:00Z,PHX,MIN
8c231b19-cf11-4ca4-9972-25ff280a83cf,2024-04-06T02:30:00Z,LAC,UTA
f43ae40d-a10c-4588-b021-3c04107b63b8,2024-04-06T19:30:00Z,LAL,CLE
c2394196-983f-4319-a4ef-755790ca56fb,2024-04-06T23:00:00Z,BKN,DET
10224dba-9551-49bb-b25c-a4ad275ea5cf,2024-04-07T00:00:00Z,MEM,PHI
8cb5f52f-6fec-4458-959d-a1e384c8321a,2024-04-07T01:00:00Z,DEN,ATL
4745fe91-de57-438a-a696-5021a99d116b,2024-04-07T19:30:00Z,LAC,CLE
cf97a76a-7982-4c1a-8b87-b58ee06f54f8,2024-04-07T19:30:00Z,DAL,HOU
2a54d6ea-e0e0-4160-91be-232c2b1bce19,2024-04-07T21:00:00Z,IND,MIA
06ce2aaf-baf1-4c35-b958-bf5c777cda40,2024-04-07T22:00:00Z,CHA,OKC
77f0a7d7-b408-4511-a07d-39834e592086,2024-04-07T22:00:00Z,PHX,NOP
7b9b7327-df9e-4327-915d-bff52b69bdd1,2024-04-07T22:00:00Z,ORL,CHI
8269a2d3-a5b9-4a04-852d-98e30c890b14,2024-04-07T22:00:00Z,TOR,WAS
dc229f3c-ce12-41bc-bc6b-4c601c07c975,2024-04-07T22:00:00Z,BOS,POR
125a939c-4404-499e-94d0-7ca4afeda0c7,2024-04-07T23:00:00Z,MIL,NYK
3654fccb-cac4-46cd-a81f-954dc30040cc,2024-04-07T23:00:00Z,SAS,PHI
9bdb4108-4edb-42ad-8841-dbc956fcdb62,2024-04-07T23:30:00Z,BKN,SAC
b9d34cf3-226f-44e2-8319-4a06930f680e,2024-04-08T00:30:00Z,GSW,UTA
c2f502c3-98d8-49f6-8848-c1817fc9e444,2024-04-08T02:00:00Z,LAL,MIN
2587b78c-6168-4ce9-9f73-51108ebd2833,2024-04-09T23:00:00Z,PHI,DET
8aac6903-c37d-49ae-9605-5948fd04e574,2024-04-09T23:00:00Z,TOR,IND
f2e42094-031a-4db6-9ba4-a4d2b8aa0146,2024-04-09T23:00:00Z,CHA,DAL
77c45814-aca8-4c27-9e13-006e24bcf967,2024-04-09T23:30:00Z,MIL,BOS
9dededf9-653a-477f-8464-3ca3356ff428,2024-04-09T23:30:00Z,ATL,MIA
530fa917-203e-469e-990b-003d78afa381,2024-04-10T00:00:00Z,MIN,WAS
63f25277-c480-4a73-910b-d7dcbfcc77e0,2024-04-10T00:00:00Z,CHI,NYK
a31205e7-b21b-422c-a883-b78abe5e300a,2024-04-10T00:00:00Z,MEM,SAS
e7a04830-5f5e-4861-b0cc-2286d25a8665,2024-04-10T00:00:00Z,HOU,ORL
ea391053-445a-4f00-afc4-13d0a0ee35ea,2024-04-10T00:00:00Z,OKC,SAC
b880678a-cacc-49c5-bb1e-e592e86b1e89,2024-04-10T01:00:00Z,UTA,DEN
beee0f49-de22-4b5e-9396-1188d3a23d75,2024-04-10T02:00:00Z,POR,NOP
e0ceb8e3-13cd-41ce-8465-f53ce0c2ccff,2024-04-10T02:00:00Z,PHX,LAC
e1553115-f042-4645-ad00-f0f4754f57e8,2024-04-10T02:00:00Z,LAL,GSW
9602e834-c46c-47a9-957f-2a83a50bcc14,2024-04-10T23:00:00Z,CLE,MEM
0f15bf9e-9298-44a4-833d-43535a1b7851,2024-04-10T23:30:00Z,ATL,CHA
3378d0f1-d787-4b4a-bbef-1f3f588c648c,2024-04-10T23:30:00Z,MIA,DAL
b48bd2d9-aec3-4268-8b35-ed61d2518f8a,2024-04-10T23:30:00Z,BKN,TOR
e1515f3a-f81b-43a2-82ab-d74dc61d776e,2024-04-11T00:00:00Z,OKC,SAS
e5026b0a-1795-4da6-b7a9-53aad655c9fc,2024-04-11T00:00:00Z,MIL,ORL
a891c88e-97de-4629-8f6f-2445e8f0fe52,2024-04-11T02:00:00Z,DEN,MIN
f9998a42-9c4e-41b4-bd98-0c30012b331c,2024-04-11T02:30:00Z,LAC,PHX
da59b877-1854-41a1-ae88-f7b1f5f5ee96,2024-04-11T23:00:00Z,DET,CHI
452f1954-b267-4c2d-bc88-f9ef1961c84a,2024-04-11T23:30:00Z,BOS,NYK
c2a68d4d-9304-41ad-b62b-6a9a11e9018c,2024-04-12T01:00:00Z,UTA,HOU
6d70c09f-f8df-4e30-8019-691d53051303,2024-04-12T02:00:00Z,SAC,NOP
fb47b41c-a3c5-44c1-8333-db4bb87adaef,2024-04-12T02:00:00Z,POR,GSW
ac8c0158-3f60-40e9-9c2a-812d743d8d68,2024-04-12T23:00:00Z,WAS,CHI
ea827851-8fa0-48ce-85fc-de8d4221d7b9,2024-04-12T23:00:00Z,PHI,ORL
3ae19376-0cce-4858-82d3-32735b3159f2,2024-04-12T23:30:00Z,BOS,CHA
95281bbb-0328-47a4-a69c-54ad901d3e6a,2024-04-12T23:30:00Z,CLE,IND
e6896941-e2fc-46fa-903b-32114d128a94,2024-04-12T23:30:00Z,NYK,BKN
11511710-e46e-4505-8926-4a52dced0687,2024-04-13T00:00:00Z,MIN,ATL
b04d0e3a-c6d1-4adb-bbc4-c91dddfd3c04,2024-04-13T00:00:00Z,SAS,DEN
dbf0a643-6597-4712-882f-7f16e2375bf8,2024-04-13T00:00:00Z,OKC,MIL
f3c93412-4085-49d9-8533-69cb6cbc652e,2024-04-13T00:00:00Z,MIA,TOR
f9efeedf-658f-4a71-86c4-a271bbbb9548,2024-04-13T00:00:00Z,MEM,LAL
5d6c6726-f48f-46d6-a45d-183d2b528bdd,2024-04-13T00:30:00Z,DAL,DET
520736e3-1064-47f0-ad1b-e0f528549fbc,2024-04-13T02:00:00Z,POR,HOU
5b18e244-4687-4ac8-9ac5-3d079f83662e,2024-04-13T02:00:00Z,GSW,NOP
3fa10377-ba83-4722-b5b8-0de05e23f861,2024-04-13T02:30:00Z,SAC,PHX
8fb1edd9-2784-4ed9-b0ec-eaa9eb7b3a1c,2024-04-13T02:30:00Z,LAC,UTA
0e642b1e-cd97-4384-a169-18f3b39abf75,2024-04-14T17:00:00Z,CLE,CHA
0fc5968d-6307-4d48-abe9-23148e9e3c96,2024-04-14T17:00:00Z,PHI,BKN
35fa6e27-8e5f-4d14-8116-04fb8cad867c,2024-04-14T17:00:00Z,IND,ATL
6b10e461-8be7-4a34-bfe9-9c8617c74dba,2024-04-14T17:00:00Z,BOS,WAS
7d90cd50-3531-438e-9719-5e8b3107bddc,2024-04-14T17:00:00Z,ORL,MIL
c51dd98e-1c98-48ae-9710-15968e2d71db,2024-04-14T17:00:00Z,MIA,TOR
dbb36406-c9a4-4028-a343-ef013d499c1a,2024-04-14T17:00:00Z,NYK,CHI
0247c9e7-4430-4d28-afec-0fd7d6d57d2f,2024-04-14T19:30:00Z,NOP,LAL
30e78e3f-3054-42a3-8982-9b7c18643c5d,2024-04-14T19:30:00Z,MEM,DEN
3749c582-5aed-4d23-a43f-efe6ea3d77a2,2024-04-14T19:30:00Z,SAC,POR
4b1a55a4-f280-4256-b41d-2c2628004b14,2024-04-14T19:30:00Z,GSW,UTA
8fd13a5d-c862-4d7b-b7c6-f578ff7ab002,2024-04-14T19:30:00Z,SAS,DET
a8f855ea-5074-4d16-b0f7-9ec257a7e9e5,2024-04-14T19:30:00Z,MIN,PHX
da2357e7-e1be-4032-b5a1-ade71f5f3ef7,2024-04-14T19:30:00Z,OKC,DAL
f0128f5f-8179-4102-88f8-6cb1fb6a6c0b,2024-04-14T19:30:00Z,LAC,HOU
