12549,2023-10-24T23:30:00.000Z,DEN,LAL
12550,2023-10-25T02:00:00.000Z,GSW,PHX
12551,2023-10-25T23:00:00.000Z,CHA,ATL
12552,2023-10-25T23:00:00.000Z,IND,WAS
12553,2023-10-25T23:00:00.000Z,NYK,BOS
12554,2023-10-25T23:00:00.000Z,ORL,HOU
12555,2023-10-25T23:30:00.000Z,BKN,CLE
12556,2023-10-25T23:30:00.000Z,MIA,DET
12557,2023-10-25T23:30:00.000Z,TOR,MIN
12558,2023-10-26T00:00:00.000Z,CHI,OKC
12559,2023-10-26T00:00:00.000Z,MEM,NOP
12560,2023-10-26T01:00:00.000Z,UTA,SAC
12561,2023-10-26T01:30:00.000Z,SAS,DAL
12562,2023-10-26T02:30:00.000Z,LAC,POR
12563,2023-10-26T23:30:00.000Z,MIL,PHI
12564,2023-10-27T02:00:00.000Z,LAL,PHX
12565,2023-10-27T23:00:00.000Z,CHA,DET
12566,2023-10-27T23:00:00.000Z,MEM,DEN
12567,2023-10-27T23:30:00.000Z,ATL,NYK
12568,2023-10-27T23:30:00.000Z,BOS,MIA
12569,2023-10-27T23:30:00.000Z,CLE,OKC
12570,2023-10-28T00:00:00.000Z,CHI,TOR
12571,2023-10-28T00:00:00.000Z,SAS,HOU
12572,2023-10-28T00:30:00.000Z,DAL,BKN
12573,2023-10-28T01:30:00.000Z,UTA,LAC
12574,2023-10-28T02:00:00.000Z,POR,ORL
12575,2023-10-28T02:00:00.000Z,SAC,GSW
12576,2023-10-28T23:00:00.000Z,DET,CHI
12577,2023-10-28T23:00:00.000Z,WAS,MEM
12578,2023-10-28T23:00:00.000Z,NOP,NYK
12579,2023-10-28T23:30:00.000Z,CLE,IND
12580,2023-10-28T23:30:00.000Z,TOR,PHI
12581,2023-10-29T00:00:00.000Z,MIN,MIA
12582,2023-10-29T02:00:00.000Z,PHX,UTA
12583,2023-10-29T19:30:00.000Z,OKC,DEN
12584,2023-10-29T23:00:00.000Z,HOU,GSW
12585,2023-10-29T23:00:00.000Z,MIL,ATL
12586,2023-10-29T23:30:00.000Z,PHI,POR
12587,2023-10-30T01:00:00.000Z,LAC,SAS
12588,2023-10-30T01:00:00.000Z,SAC,LAL
12589,2023-10-30T23:00:00.000Z,CHA,BKN
12590,2023-10-30T23:00:00.000Z,IND,CHI
12591,2023-10-30T23:00:00.000Z,WAS,BOS
12592,2023-10-30T23:30:00.000Z,ATL,MIN
12593,2023-10-30T23:30:00.000Z,TOR,POR
12594,2023-10-31T00:00:00.000Z,MEM,DAL
12595,2023-10-31T00:00:00.000Z,MIL,MIA
12596,2023-10-31T00:00:00.000Z,NOP,GSW
12597,2023-10-31T00:00:00.000Z,OKC,DET
12598,2023-10-31T01:00:00.000Z,DEN,UTA
12599,2023-10-31T02:30:00.000Z,LAL,ORL
12600,2023-10-31T23:30:00.000Z,CLE,NYK
12601,2023-11-01T02:00:00.000Z,PHX,SAS
12602,2023-11-01T02:30:00.000Z,LAC,ORL
12603,2023-11-01T23:00:00.000Z,DET,POR
12604,2023-11-01T23:00:00.000Z,TOR,MIL
12605,2023-11-01T23:30:00.000Z,ATL,WAS
12606,2023-11-01T23:30:00.000Z,BOS,IND
12607,2023-11-01T23:30:00.000Z,MIA,BKN
12608,2023-11-01T23:30:00.000Z,NYK,CLE
12609,2023-11-01T23:30:00.000Z,OKC,NOP
12610,2023-11-02T00:00:00.000Z,HOU,CHA
12611,2023-11-02T00:00:00.000Z,MIN,DEN
12612,2023-11-02T00:30:00.000Z,DAL,CHI
12613,2023-11-02T01:00:00.000Z,UTA,MEM
12614,2023-11-02T02:00:00.000Z,GSW,SAC
12615,2023-11-02T02:00:00.000Z,LAL,LAC
12616,2023-11-02T23:00:00.000Z,PHI,TOR
12617,2023-11-03T00:00:00.000Z,NOP,DET
12618,2023-11-03T01:00:00.000Z,UTA,ORL
12619,2023-11-03T02:00:00.000Z,PHX,SAS
12620,2023-11-03T23:00:00.000Z,IND,CLE
12621,2023-11-03T23:30:00.000Z,MIL,NYK
12622,2023-11-04T00:00:00.000Z,MIA,WAS
12623,2023-11-04T00:00:00.000Z,CHI,BKN
12624,2023-11-04T00:00:00.000Z,OKC,GSW
12625,2023-11-04T02:00:00.000Z,DEN,DAL
12626,2023-11-04T02:00:00.000Z,POR,MEM
12627,2023-11-04T17:00:00.000Z,PHI,PHX
12628,2023-11-04T23:00:00.000Z,IND,CHA
12629,2023-11-04T23:00:00.000Z,ORL,LAL
12630,2023-11-04T23:00:00.000Z,NOP,ATL
12631,2023-11-05T00:00:00.000Z,BKN,BOS
12632,2023-11-05T00:00:00.000Z,HOU,SAC
12633,2023-11-05T00:00:00.000Z,MIN,UTA
12634,2023-11-05T01:00:00.000Z,DEN,CHI
12635,2023-11-05T20:00:00.000Z,DET,PHX
12636,2023-11-05T20:30:00.000Z,SAS,TOR
12637,2023-11-05T23:00:00.000Z,CLE,GSW
12638,2023-11-06T00:30:00.000Z,DAL,CHA
12639,2023-11-06T02:00:00.000Z,POR,MEM
12640,2023-11-07T00:00:00.000Z,DET,GSW
12641,2023-11-07T00:00:00.000Z,IND,SAS
12642,2023-11-07T00:00:00.000Z,ORL,DAL
12643,2023-11-07T00:00:00.000Z,PHI,WAS
12644,2023-11-07T00:30:00.000Z,BKN,MIL
12645,2023-11-07T00:30:00.000Z,MIA,LAL
12646,2023-11-07T00:30:00.000Z,NYK,LAC
12647,2023-11-07T01:00:00.000Z,CHI,UTA
12648,2023-11-07T01:00:00.000Z,HOU,SAC
12649,2023-11-07T01:00:00.000Z,MIN,BOS
12650,2023-11-07T01:00:00.000Z,OKC,ATL
12651,2023-11-07T02:00:00.000Z,DEN,NOP
12652,2023-11-09T00:00:00.000Z,CHA,WAS
12653,2023-11-09T00:00:00.000Z,IND,UTA
12654,2023-11-09T00:00:00.000Z,PHI,BOS
12655,2023-11-09T00:30:00.000Z,BKN,LAC
12656,2023-11-09T00:30:00.000Z,NYK,SAS
12657,2023-11-09T01:00:00.000Z,CHI,PHX
12658,2023-11-09T01:00:00.000Z,HOU,LAL
12659,2023-11-09T01:00:00.000Z,MEM,MIA
12660,2023-11-09T01:00:00.000Z,MIL,DET
12661,2023-11-09T01:00:00.000Z,MIN,NOP
12662,2023-11-09T01:00:00.000Z,OKC,CLE
12663,2023-11-09T01:30:00.000Z,DAL,TOR
12664,2023-11-09T03:00:00.000Z,DEN,GSW
12665,2023-11-09T03:00:00.000Z,SAC,POR
12666,2023-11-10T00:00:00.000Z,IND,MIL
12667,2023-11-10T02:30:00.000Z,ORL,ATL
12668,2023-11-11T00:00:00.000Z,DET,PHI
12669,2023-11-11T00:00:00.000Z,WAS,CHA
12670,2023-11-11T00:30:00.000Z,BOS,BKN
12671,2023-11-11T01:00:00.000Z,HOU,NOP
12672,2023-11-11T01:00:00.000Z,MEM,UTA
12673,2023-11-11T01:00:00.000Z,SAS,MIN
12674,2023-11-11T01:30:00.000Z,DAL,LAC
12675,2023-11-11T03:00:00.000Z,PHX,LAL
12676,2023-11-11T03:00:00.000Z,SAC,OKC
12677,2023-11-11T23:00:00.000Z,ORL,MIL
12678,2023-11-12T00:00:00.000Z,BOS,TOR
12679,2023-11-12T00:30:00.000Z,ATL,MIA
12680,2023-11-12T01:30:00.000Z,GSW,CLE
12681,2023-11-12T17:00:00.000Z,NYK,CHA
12682,2023-11-12T20:00:00.000Z,BKN,WAS
12683,2023-11-12T20:30:00.000Z,LAC,MEM
12684,2023-11-12T23:00:00.000Z,PHI,IND
12685,2023-11-13T00:00:00.000Z,CHI,DET
12686,2023-11-13T00:00:00.000Z,HOU,DEN
12687,2023-11-13T00:00:00.000Z,NOP,DAL
12688,2023-11-13T00:00:00.000Z,SAS,MIA
12689,2023-11-13T01:00:00.000Z,PHX,OKC
12690,2023-11-13T01:30:00.000Z,GSW,MIN
12691,2023-11-13T03:00:00.000Z,LAL,POR
12692,2023-11-14T00:30:00.000Z,BOS,NYK
12693,2023-11-14T00:30:00.000Z,TOR,WAS
12694,2023-11-14T01:00:00.000Z,MIL,CHI
12695,2023-11-14T03:00:00.000Z,SAC,CLE
12696,2023-11-15T00:00:00.000Z,CHA,MIA
12697,2023-11-15T00:00:00.000Z,DET,ATL
12698,2023-11-15T00:00:00.000Z,PHI,IND
12699,2023-11-15T00:30:00.000Z,BKN,ORL
12700,2023-11-15T00:30:00.000Z,OKC,SAS
12701,2023-11-15T01:00:00.000Z,NOP,DAL
12702,2023-11-15T02:00:00.000Z,UTA,POR
12703,2023-11-15T03:00:00.000Z,DEN,LAC
12704,2023-11-15T03:00:00.000Z,GSW,MIN
12705,2023-11-15T03:30:00.000Z,LAL,MEM
12706,2023-11-16T00:00:00.000Z,WAS,DAL
12707,2023-11-16T00:30:00.000Z,ATL,NYK
12708,2023-11-16T00:30:00.000Z,PHI,BOS
12709,2023-11-16T00:30:00.000Z,TOR,MIL
12710,2023-11-16T01:00:00.000Z,CHI,ORL
12711,2023-11-16T02:00:00.000Z,PHX,MIN
12712,2023-11-16T03:00:00.000Z,LAL,SAC
12713,2023-11-16T03:00:00.000Z,POR,CLE
12714,2023-11-17T00:30:00.000Z,MIA,BKN
12715,2023-11-17T03:00:00.000Z,GSW,OKC
12716,2023-11-18T00:00:00.000Z,CHA,MIL
12717,2023-11-18T00:00:00.000Z,WAS,NYK
12718,2023-11-18T00:30:00.000Z,ATL,PHI
12719,2023-11-18T00:30:00.000Z,CLE,DET
12720,2023-11-18T00:30:00.000Z,TOR,BOS
12721,2023-11-18T00:30:00.000Z,SAS,SAC
12722,2023-11-18T01:00:00.000Z,CHI,ORL
12723,2023-11-18T01:00:00.000Z,NOP,DEN
12724,2023-11-18T03:00:00.000Z,UTA,PHX
12725,2023-11-18T03:00:00.000Z,POR,LAL
12726,2023-11-18T03:30:00.000Z,LAC,HOU
12727,2023-11-18T23:00:00.000Z,CHA,NYK
12728,2023-11-19T00:00:00.000Z,NOP,MIN
12729,2023-11-19T01:00:00.000Z,CHI,MIA
12730,2023-11-19T01:00:00.000Z,MIL,DAL
12731,2023-11-19T01:00:00.000Z,SAS,MEM
12732,2023-11-19T01:30:00.000Z,GSW,OKC
12733,2023-11-19T20:00:00.000Z,BKN,PHI
12734,2023-11-19T21:00:00.000Z,TOR,DET
12735,2023-11-19T22:00:00.000Z,IND,ORL
12736,2023-11-19T23:00:00.000Z,CLE,DEN
12737,2023-11-20T00:30:00.000Z,DAL,SAC
12738,2023-11-20T01:00:00.000Z,MEM,BOS
12739,2023-11-20T01:00:00.000Z,UTA,PHX
12740,2023-11-20T02:00:00.000Z,POR,OKC
12741,2023-11-20T02:30:00.000Z,LAL,HOU
12742,2023-11-21T00:00:00.000Z,CHA,BOS
12743,2023-11-21T00:00:00.000Z,DET,DEN
12744,2023-11-21T00:00:00.000Z,WAS,MIL
12745,2023-11-21T01:00:00.000Z,CHI,MIA
12746,2023-11-21T01:00:00.000Z,MIN,NYK
12747,2023-11-21T01:00:00.000Z,NOP,SAC
12748,2023-11-21T01:00:00.000Z,SAS,LAC
12749,2023-11-21T03:00:00.000Z,GSW,HOU
12750,2023-11-22T00:00:00.000Z,ORL,TOR
12751,2023-11-22T00:30:00.000Z,ATL,IND
12752,2023-11-22T00:30:00.000Z,PHI,CLE
12753,2023-11-22T02:00:00.000Z,PHX,POR
12754,2023-11-22T03:00:00.000Z,LAL,UTA
12755,2023-11-23T00:00:00.000Z,CHA,WAS
12756,2023-11-23T00:00:00.000Z,ORL,DEN
12757,2023-11-23T00:30:00.000Z,ATL,BKN
12758,2023-11-23T00:30:00.000Z,BOS,MIL
12759,2023-11-23T00:30:00.000Z,CLE,MIA
12760,2023-11-23T00:30:00.000Z,IND,TOR
12761,2023-11-23T01:00:00.000Z,HOU,MEM
12762,2023-11-23T01:00:00.000Z,MIN,PHI
12763,2023-11-23T01:00:00.000Z,NOP,SAC
12764,2023-11-23T01:00:00.000Z,OKC,CHI
12765,2023-11-23T01:00:00.000Z,SAS,LAC
12766,2023-11-23T03:00:00.000Z,PHX,GSW
12767,2023-11-23T03:00:00.000Z,POR,UTA
12768,2023-11-23T03:30:00.000Z,LAL,DAL
12769,2023-11-24T19:30:00.000Z,ORL,BOS
12770,2023-11-24T22:00:00.000Z,MEM,PHX
12771,2023-11-25T00:30:00.000Z,NYK,MIA
12772,2023-11-25T00:30:00.000Z,TOR,CHI
12773,2023-11-25T01:00:00.000Z,IND,DET
12774,2023-11-25T01:00:00.000Z,HOU,DEN
12775,2023-11-25T01:00:00.000Z,MIL,WAS
12776,2023-11-25T01:00:00.000Z,MIN,SAC
12777,2023-11-25T03:00:00.000Z,GSW,SAS
12778,2023-11-25T03:30:00.000Z,LAC,NOP
12779,2023-11-25T22:00:00.000Z,OKC,PHI
12780,2023-11-25T23:00:00.000Z,BKN,MIA
12781,2023-11-26T00:00:00.000Z,WAS,ATL
12782,2023-11-26T00:30:00.000Z,CLE,LAL
12783,2023-11-26T02:30:00.000Z,UTA,NOP
12784,2023-11-26T03:30:00.000Z,LAC,DAL
12785,2023-11-26T20:30:00.000Z,MIL,POR
12786,2023-11-26T23:00:00.000Z,BOS,ATL
12787,2023-11-26T23:00:00.000Z,NYK,PHX
12788,2023-11-26T23:00:00.000Z,ORL,CHA
12789,2023-11-26T23:00:00.000Z,MEM,MIN
12790,2023-11-27T00:30:00.000Z,BKN,CHI
12791,2023-11-27T00:30:00.000Z,CLE,TOR
12792,2023-11-27T01:00:00.000Z,DEN,SAS
12793,2023-11-28T00:00:00.000Z,DET,WAS
12794,2023-11-28T00:00:00.000Z,IND,POR
12795,2023-11-28T00:00:00.000Z,PHI,LAL
12796,2023-11-28T02:00:00.000Z,UTA,NOP
12797,2023-11-28T03:30:00.000Z,LAC,DEN
12798,2023-11-29T00:30:00.000Z,BOS,CHI
12799,2023-11-29T00:30:00.000Z,BKN,TOR
12800,2023-11-29T00:30:00.000Z,CLE,ATL
12801,2023-11-29T00:30:00.000Z,MIA,MIL
12802,2023-11-29T00:30:00.000Z,NYK,CHA
12803,2023-11-29T01:00:00.000Z,MIN,OKC
12804,2023-11-29T01:30:00.000Z,DAL,HOU
12805,2023-11-29T03:00:00.000Z,SAC,GSW
12806,2023-11-30T00:00:00.000Z,DET,LAL
12807,2023-11-30T00:00:00.000Z,ORL,WAS
12808,2023-11-30T00:30:00.000Z,TOR,PHX
12809,2023-11-30T01:00:00.000Z,MEM,UTA
12810,2023-11-30T01:00:00.000Z,NOP,PHI
12811,2023-11-30T02:00:00.000Z,DEN,HOU
12812,2023-11-30T03:00:00.000Z,SAC,LAC
12813,2023-12-01T00:00:00.000Z,CLE,POR
12814,2023-12-01T00:30:00.000Z,BKN,CHA
12815,2023-12-01T00:30:00.000Z,MIA,IND
12816,2023-12-01T00:30:00.000Z,NYK,DET
12817,2023-12-01T01:00:00.000Z,CHI,MIL
12818,2023-12-01T01:00:00.000Z,MIN,UTA
12819,2023-12-01T01:00:00.000Z,OKC,LAL
12820,2023-12-01T01:00:00.000Z,SAS,ATL
12821,2023-12-01T03:00:00.000Z,GSW,LAC
12822,2023-12-02T00:00:00.000Z,ORL,WAS
12823,2023-12-02T00:30:00.000Z,BOS,PHI
12824,2023-12-02T00:30:00.000Z,TOR,NYK
12825,2023-12-02T00:30:00.000Z,DAL,MEM
12826,2023-12-02T01:00:00.000Z,NOP,SAS
12827,2023-12-02T03:00:00.000Z,PHX,DEN
12828,2023-12-02T21:00:00.000Z,LAC,GSW
12829,2023-12-02T22:00:00.000Z,CHA,MIN
12830,2023-12-03T00:00:00.000Z,BKN,ORL
12831,2023-12-03T00:00:00.000Z,DET,CLE
12832,2023-12-03T01:00:00.000Z,MIA,IND
12833,2023-12-03T01:00:00.000Z,CHI,NOP
12834,2023-12-03T01:00:00.000Z,MIL,ATL
12835,2023-12-03T02:00:00.000Z,DAL,OKC
12836,2023-12-03T02:00:00.000Z,PHX,MEM
12837,2023-12-03T02:30:00.000Z,UTA,POR
12838,2023-12-03T03:00:00.000Z,SAC,DEN
12839,2023-12-03T03:30:00.000Z,LAL,HOU
12840,2023-12-12T00:00:00.000Z,CHA,MIA
12841,2023-12-12T00:00:00.000Z,DET,IND
12842,2023-12-12T00:00:00.000Z,ORL,CLE
12843,2023-12-12T00:00:00.000Z,PHI,WAS
12844,2023-12-12T00:30:00.000Z,ATL,DEN
12845,2023-12-12T00:30:00.000Z,NYK,TOR
12846,2023-12-12T01:00:00.000Z,HOU,SAS
12847,2023-12-12T01:00:00.000Z,MEM,DAL
12848,2023-12-12T01:00:00.000Z,MIL,CHI
12849,2023-12-12T01:00:00.000Z,NOP,MIN
12850,2023-12-12T01:00:00.000Z,OKC,UTA
12851,2023-12-12T03:00:00.000Z,SAC,BKN
12852,2023-12-12T03:30:00.000Z,LAC,POR
12853,2023-12-13T00:30:00.000Z,BOS,CLE
12854,2023-12-13T00:30:00.000Z,DAL,LAL
12855,2023-12-13T01:00:00.000Z,CHI,DEN
12856,2023-12-13T03:00:00.000Z,PHX,GSW
12857,2023-12-13T03:30:00.000Z,LAC,SAC
12858,2023-12-14T00:00:00.000Z,DET,PHI
12859,2023-12-14T00:00:00.000Z,WAS,NOP
12860,2023-12-14T00:30:00.000Z,MIA,CHA
12861,2023-12-14T00:30:00.000Z,TOR,ATL
12862,2023-12-14T01:00:00.000Z,HOU,MEM
12863,2023-12-14T01:00:00.000Z,MIL,IND
12864,2023-12-14T01:00:00.000Z,SAS,LAL
12865,2023-12-14T02:00:00.000Z,PHX,BKN
12866,2023-12-14T02:00:00.000Z,UTA,NYK
12867,2023-12-15T00:30:00.000Z,BOS,CLE
12868,2023-12-15T00:30:00.000Z,MIA,CHI
12869,2023-12-15T01:30:00.000Z,DAL,MIN
12870,2023-12-15T02:00:00.000Z,DEN,BKN
12871,2023-12-15T03:00:00.000Z,POR,UTA
12872,2023-12-15T03:00:00.000Z,SAC,OKC
12873,2023-12-15T03:30:00.000Z,LAC,GSW
12874,2023-12-16T00:00:00.000Z,CHA,NOP
12875,2023-12-16T00:00:00.000Z,PHI,DET
12876,2023-12-16T00:00:00.000Z,WAS,IND
12877,2023-12-16T00:30:00.000Z,BOS,ORL
12878,2023-12-16T00:30:00.000Z,TOR,ATL
12879,2023-12-16T00:30:00.000Z,SAS,LAL
12880,2023-12-16T01:00:00.000Z,MEM,HOU
12881,2023-12-16T03:00:00.000Z,PHX,NYK
12882,2023-12-16T23:00:00.000Z,MIL,DET
12883,2023-12-17T00:00:00.000Z,CHA,PHI
12884,2023-12-17T00:30:00.000Z,CLE,ATL
12885,2023-12-17T01:00:00.000Z,MIA,CHI
12886,2023-12-17T01:00:00.000Z,MIN,IND
12887,2023-12-17T01:30:00.000Z,GSW,BKN
12888,2023-12-17T02:00:00.000Z,DEN,OKC
12889,2023-12-17T02:00:00.000Z,POR,DAL
12890,2023-12-17T03:00:00.000Z,SAC,UTA
12891,2023-12-17T03:30:00.000Z,LAC,NYK
12892,2023-12-17T20:00:00.000Z,BOS,ORL
12893,2023-12-17T20:30:00.000Z,SAS,NOP
12894,2023-12-18T00:00:00.000Z,MIL,HOU
12895,2023-12-18T01:00:00.000Z,PHX,WAS
12896,2023-12-18T02:00:00.000Z,POR,GSW
12897,2023-12-19T00:00:00.000Z,CLE,HOU
12898,2023-12-19T00:00:00.000Z,IND,LAC
12899,2023-12-19T00:00:00.000Z,PHI,CHI
12900,2023-12-19T00:30:00.000Z,ATL,DET
12901,2023-12-19T00:30:00.000Z,MIA,MIN
12902,2023-12-19T00:30:00.000Z,TOR,CHA
12903,2023-12-19T01:00:00.000Z,OKC,MEM
12904,2023-12-19T02:00:00.000Z,DEN,DAL
12905,2023-12-19T02:00:00.000Z,UTA,BKN
12906,2023-12-19T03:00:00.000Z,SAC,WAS
12907,2023-12-19T03:30:00.000Z,LAL,NYK
12908,2023-12-20T00:30:00.000Z,NOP,MEM
12909,2023-12-20T01:00:00.000Z,MIL,SAS
12910,2023-12-20T03:00:00.000Z,GSW,BOS
12911,2023-12-20T03:00:00.000Z,POR,PHX
12912,2023-12-21T00:00:00.000Z,CLE,UTA
12913,2023-12-21T00:00:00.000Z,IND,CHA
12914,2023-12-21T00:00:00.000Z,ORL,MIA
12915,2023-12-21T00:00:00.000Z,PHI,MIN
12916,2023-12-21T00:30:00.000Z,BKN,NYK
12917,2023-12-21T00:30:00.000Z,TOR,DEN
12918,2023-12-21T01:00:00.000Z,CHI,LAL
12919,2023-12-21T01:00:00.000Z,HOU,ATL
12920,2023-12-21T01:30:00.000Z,DAL,LAC
12921,2023-12-21T03:00:00.000Z,SAC,BOS
12922,2023-12-22T00:00:00.000Z,DET,UTA
12923,2023-12-22T00:30:00.000Z,CLE,NOP
12924,2023-12-22T01:00:00.000Z,CHI,SAS
12925,2023-12-22T01:00:00.000Z,MEM,IND
12926,2023-12-22T01:00:00.000Z,MIL,ORL
12927,2023-12-22T01:00:00.000Z,OKC,LAC
12928,2023-12-22T02:00:00.000Z,MIN,LAL
12929,2023-12-22T03:00:00.000Z,POR,WAS
12930,2023-12-23T00:00:00.000Z,PHI,TOR
12931,2023-12-23T00:30:00.000Z,BKN,DEN
12932,2023-12-23T01:00:00.000Z,MIA,ATL
12933,2023-12-23T01:00:00.000Z,HOU,DAL
12934,2023-12-23T03:00:00.000Z,GSW,WAS
12935,2023-12-23T03:00:00.000Z,SAC,PHX
12936,2023-12-23T17:30:00.000Z,NYK,MIL
12937,2023-12-23T20:30:00.000Z,LAC,BOS
12938,2023-12-24T00:00:00.000Z,CHA,DEN
12939,2023-12-24T00:00:00.000Z,IND,ORL
12940,2023-12-24T00:00:00.000Z,NOP,HOU
12941,2023-12-24T00:30:00.000Z,ATL,MEM
12942,2023-12-24T00:30:00.000Z,BKN,DET
12943,2023-12-24T00:30:00.000Z,TOR,UTA
12944,2023-12-24T01:00:00.000Z,CHI,CLE
12945,2023-12-24T01:00:00.000Z,OKC,LAL
12946,2023-12-24T01:30:00.000Z,DAL,SAS
12947,2023-12-24T01:30:00.000Z,GSW,POR
12948,2023-12-24T03:00:00.000Z,SAC,MIN
12949,2023-12-25T17:00:00.000Z,NYK,MIL
12950,2023-12-25T19:30:00.000Z,DEN,GSW
12951,2023-12-25T22:00:00.000Z,LAL,BOS
12952,2023-12-26T01:00:00.000Z,MIA,PHI
12953,2023-12-26T03:30:00.000Z,PHX,DAL
12954,2023-12-27T00:00:00.000Z,DET,BKN
12955,2023-12-27T00:00:00.000Z,WAS,ORL
12956,2023-12-27T01:00:00.000Z,CHI,ATL
12957,2023-12-27T01:00:00.000Z,HOU,IND
12958,2023-12-27T01:00:00.000Z,NOP,MEM
12959,2023-12-27T01:00:00.000Z,OKC,MIN
12960,2023-12-27T01:00:00.000Z,SAS,UTA
12961,2023-12-27T03:00:00.000Z,POR,SAC
12962,2023-12-27T03:30:00.000Z,LAC,CHA
12963,2023-12-28T00:00:00.000Z,ORL,PHI
12964,2023-12-28T00:00:00.000Z,WAS,TOR
12965,2023-12-28T00:30:00.000Z,BKN,MIL
12966,2023-12-28T01:00:00.000Z,HOU,PHX
12967,2023-12-28T01:00:00.000Z,OKC,NYK
12968,2023-12-28T01:30:00.000Z,DAL,CLE
12969,2023-12-29T00:30:00.000Z,BOS,DET
12970,2023-12-29T01:00:00.000Z,CHI,IND
12971,2023-12-29T01:00:00.000Z,MIN,DAL
12972,2023-12-29T01:00:00.000Z,NOP,UTA
12973,2023-12-29T02:00:00.000Z,DEN,MEM
12974,2023-12-29T03:00:00.000Z,GSW,MIA
12975,2023-12-29T03:00:00.000Z,POR,SAS
12976,2023-12-29T03:30:00.000Z,LAL,CHA
12977,2023-12-30T00:00:00.000Z,ORL,NYK
12978,2023-12-30T00:00:00.000Z,WAS,BKN
12979,2023-12-30T00:30:00.000Z,ATL,SAC
12980,2023-12-30T00:30:00.000Z,BOS,TOR
12981,2023-12-30T00:30:00.000Z,CLE,MIL
12982,2023-12-30T01:00:00.000Z,HOU,PHI
12983,2023-12-30T02:00:00.000Z,DEN,OKC
12984,2023-12-30T02:00:00.000Z,PHX,CHA
12985,2023-12-30T03:00:00.000Z,POR,SAS
12986,2023-12-30T03:30:00.000Z,LAC,MEM
12987,2023-12-30T22:00:00.000Z,UTA,MIA
12988,2023-12-30T23:00:00.000Z,DET,TOR
12989,2023-12-31T00:00:00.000Z,IND,NYK
12990,2023-12-31T01:00:00.000Z,CHI,PHI
12991,2023-12-31T01:00:00.000Z,MIN,LAL
12992,2023-12-31T01:30:00.000Z,GSW,DAL
12993,2023-12-31T20:00:00.000Z,WAS,ATL
12994,2024-01-01T00:00:00.000Z,NOP,LAL
12995,2024-01-01T00:00:00.000Z,OKC,BKN
12996,2024-01-01T00:00:00.000Z,SAS,BOS
12997,2024-01-01T01:00:00.000Z,MEM,SAC
12998,2024-01-01T01:00:00.000Z,PHX,ORL
12999,2024-01-01T20:00:00.000Z,NYK,MIN
13000,2024-01-02T00:30:00.000Z,TOR,CLE
13001,2024-01-02T01:00:00.000Z,HOU,DET
13002,2024-01-02T01:00:00.000Z,MIL,IND
13003,2024-01-02T02:00:00.000Z,DEN,CHA
13004,2024-01-02T02:00:00.000Z,PHX,POR
13005,2024-01-02T02:00:00.000Z,UTA,DAL
13006,2024-01-02T03:30:00.000Z,LAC,MIA
13007,2024-01-03T00:00:00.000Z,PHI,CHI
13008,2024-01-03T01:00:00.000Z,MEM,SAS
13009,2024-01-03T01:00:00.000Z,NOP,BKN
13010,2024-01-03T01:00:00.000Z,OKC,BOS
13011,2024-01-03T03:00:00.000Z,GSW,ORL
13012,2024-01-03T03:00:00.000Z,SAC,CHA
13013,2024-01-04T00:00:00.000Z,CLE,WAS
13014,2024-01-04T00:00:00.000Z,IND,MIL
13015,2024-01-04T00:30:00.000Z,ATL,OKC
13016,2024-01-04T01:30:00.000Z,NYK,CHI
13017,2024-01-04T01:00:00.000Z,HOU,BKN
13018,2024-01-04T01:00:00.000Z,MEM,TOR
13019,2024-01-04T01:00:00.000Z,MIN,NOP
13020,2024-01-04T01:30:00.000Z,DAL,POR
13021,2024-01-04T02:00:00.000Z,PHX,LAC
13022,2024-01-04T02:00:00.000Z,UTA,DET
13023,2024-01-04T03:00:00.000Z,LAL,MIA
13024,2024-01-04T03:00:00.000Z,SAC,ORL
13025,2024-01-05T00:30:00.000Z,SAS,MIL
13026,2024-01-05T03:00:00.000Z,GSW,DEN
13027,2024-01-06T00:00:00.000Z,BOS,UTA
13028,2024-01-06T00:00:00.000Z,IND,ATL
13029,2024-01-06T00:30:00.000Z,BKN,OKC
13030,2024-01-06T00:30:00.000Z,CLE,WAS
13031,2024-01-06T00:30:00.000Z,PHI,NYK
13032,2024-01-06T01:00:00.000Z,CHI,CHA
13033,2024-01-06T01:00:00.000Z,HOU,MIN
13034,2024-01-06T01:00:00.000Z,NOP,LAC
13035,2024-01-06T01:30:00.000Z,DAL,POR
13036,2024-01-06T02:00:00.000Z,DEN,ORL
13037,2024-01-06T02:00:00.000Z,PHX,MIA
13038,2024-01-06T03:00:00.000Z,GSW,DET
13039,2024-01-06T03:00:00.000Z,LAL,MEM
13040,2024-01-06T03:00:00.000Z,SAC,TOR
13041,2024-01-07T00:00:00.000Z,IND,BOS
13042,2024-01-07T00:00:00.000Z,WAS,NYK
13043,2024-01-07T00:30:00.000Z,PHI,UTA
13044,2024-01-07T01:00:00.000Z,HOU,MIL
13045,2024-01-07T18:00:00.000Z,CLE,SAS
13046,2024-01-07T20:00:00.000Z,BKN,POR
13047,2024-01-07T23:00:00.000Z,ORL,ATL
13048,2024-01-07T23:00:00.000Z,SAC,NOP
13049,2024-01-08T00:30:00.000Z,DAL,MIN
13050,2024-01-08T01:00:00.000Z,DEN,DET
13051,2024-01-08T01:00:00.000Z,PHX,MEM
13052,2024-01-08T01:30:00.000Z,GSW,TOR
13053,2024-01-08T02:30:00.000Z,LAL,LAC
13054,2024-01-09T00:00:00.000Z,CHA,CHI
13055,2024-01-09T00:00:00.000Z,IND,BOS
13056,2024-01-09T00:00:00.000Z,WAS,OKC
13057,2024-01-09T00:30:00.000Z,MIA,HOU
13058,2024-01-09T01:00:00.000Z,MIL,UTA
13059,2024-01-09T03:30:00.000Z,LAC,PHX
13060,2024-01-10T00:00:00.000Z,DET,SAC
13061,2024-01-10T00:00:00.000Z,ORL,MIN
13062,2024-01-10T00:30:00.000Z,NYK,POR
13063,2024-01-10T01:30:00.000Z,DAL,MEM
13064,2024-01-10T03:30:00.000Z,LAL,TOR
13065,2024-01-11T00:00:00.000Z,BOS,MIN
13066,2024-01-11T00:00:00.000Z,CHA,SAC
13067,2024-01-11T00:00:00.000Z,DET,SAS
13068,2024-01-11T00:00:00.000Z,IND,WAS
13069,2024-01-11T00:30:00.000Z,ATL,PHI
13070,2024-01-11T00:30:00.000Z,MIA,OKC
13071,2024-01-11T01:00:00.000Z,CHI,HOU
13072,2024-01-11T03:00:00.000Z,UTA,DEN
13073,2024-01-11T01:30:00.000Z,GSW,NOP
13074,2024-01-11T03:30:00.000Z,LAC,TOR
13075,2024-01-11T19:00:00.000Z,CLE,BKN
13076,2024-01-12T00:30:00.000Z,MIL,BOS
13077,2024-01-12T01:00:00.000Z,OKC,POR
13078,2024-01-12T01:30:00.000Z,DAL,NYK
13079,2024-01-12T03:00:00.000Z,LAL,PHX
13080,2024-01-13T00:00:00.000Z,PHI,SAC
13081,2024-01-13T00:30:00.000Z,ATL,IND
13082,2024-01-13T00:30:00.000Z,DET,HOU
13083,2024-01-13T01:00:00.000Z,MIA,ORL
13084,2024-01-13T01:00:00.000Z,CHI,GSW
13085,2024-01-13T01:00:00.000Z,MEM,LAC
13086,2024-01-13T01:00:00.000Z,MIN,POR
13087,2024-01-13T02:00:00.000Z,DEN,NOP
13088,2024-01-13T02:30:00.000Z,UTA,TOR
13089,2024-01-13T03:00:00.000Z,SAS,CHA
13090,2024-01-14T00:00:00.000Z,BOS,HOU
13091,2024-01-14T00:30:00.000Z,ATL,WAS
13092,2024-01-14T01:00:00.000Z,MEM,NYK
13093,2024-01-14T01:00:00.000Z,MIL,GSW
13094,2024-01-14T01:00:00.000Z,OKC,ORL
13095,2024-01-14T01:30:00.000Z,DAL,NOP
13096,2024-01-14T01:30:00.000Z,SAS,CHI
13097,2024-01-14T02:30:00.000Z,UTA,LAL
13098,2024-01-14T20:30:00.000Z,DEN,IND
13099,2024-01-14T23:00:00.000Z,MIA,CHA
13100,2024-01-15T00:00:00.000Z,MIL,SAC
13101,2024-01-15T00:00:00.000Z,MIN,LAC
13102,2024-01-15T02:00:00.000Z,POR,PHX
13103,2024-01-15T18:00:00.000Z,PHI,HOU
13104,2024-01-15T19:30:00.000Z,DAL,NOP
13105,2024-01-15T20:00:00.000Z,NYK,ORL
13106,2024-01-15T20:00:00.000Z,WAS,DET
13107,2024-01-15T20:30:00.000Z,ATL,SAS
13108,2024-01-15T23:00:00.000Z,MEM,GSW
13109,2024-01-16T00:00:00.000Z,CLE,CHI
13110,2024-01-16T00:30:00.000Z,BKN,MIA
13111,2024-01-16T00:30:00.000Z,TOR,BOS
13112,2024-01-16T02:00:00.000Z,UTA,IND
13113,2024-01-16T03:30:00.000Z,LAL,OKC
13114,2024-01-17T00:30:00.000Z,PHI,DEN
13115,2024-01-17T02:00:00.000Z,PHX,SAC
13116,2024-01-17T03:00:00.000Z,LAC,OKC
13117,2024-01-18T00:00:00.000Z,DET,MIN
13118,2024-01-18T00:30:00.000Z,ATL,ORL
13119,2024-01-18T00:30:00.000Z,BOS,SAS
13120,2024-01-18T00:30:00.000Z,CLE,MIL
13121,2024-01-18T00:30:00.000Z,NYK,HOU
13122,2024-01-18T00:30:00.000Z,TOR,MIA
13123,2024-01-18T01:00:00.000Z,NOP,CHA
13124,2024-01-18T02:00:00.000Z,UTA,GSW
13125,2024-01-18T01:30:00.000Z,LAL,DAL
13126,2024-01-18T03:00:00.000Z,POR,BKN
13127,2024-01-19T00:30:00.000Z,NYK,WAS
13128,2024-01-19T00:30:00.000Z,TOR,CHI
13129,2024-01-19T02:00:00.000Z,UTA,OKC
13130,2024-01-19T03:00:00.000Z,MIN,MEM
13131,2024-01-19T03:00:00.000Z,SAC,IND
13132,2024-01-20T00:00:00.000Z,CHA,SAS
13133,2024-01-20T00:00:00.000Z,ORL,PHI
13134,2024-01-20T00:30:00.000Z,BOS,DEN
13135,2024-01-20T01:00:00.000Z,MIA,ATL
13136,2024-01-20T01:00:00.000Z,NOP,PHX
13137,2024-01-20T03:00:00.000Z,GSW,DAL
13138,2024-01-20T03:00:00.000Z,POR,IND
13139,2024-01-20T03:30:00.000Z,LAL,BKN
13140,2024-01-20T20:00:00.000Z,DET,MIL
13141,2024-01-21T00:00:00.000Z,CHA,PHI
13142,2024-01-21T00:00:00.000Z,WAS,SAS
13143,2024-01-21T00:30:00.000Z,ATL,CLE
13144,2024-01-21T00:30:00.000Z,NYK,TOR
13145,2024-01-21T01:00:00.000Z,CHI,MEM
13146,2024-01-21T01:00:00.000Z,HOU,UTA
13147,2024-01-21T01:00:00.000Z,MIN,OKC
13148,2024-01-21T20:30:00.000Z,LAC,BKN
13149,2024-01-21T23:00:00.000Z,ORL,MIA
13150,2024-01-21T23:00:00.000Z,WAS,DEN
13151,2024-01-22T00:00:00.000Z,HOU,BOS
13152,2024-01-22T01:00:00.000Z,PHX,IND
13153,2024-01-22T03:00:00.000Z,LAL,POR
13154,2024-01-23T00:00:00.000Z,DET,MIL
13155,2024-01-23T00:00:00.000Z,ORL,CLE
13156,2024-01-23T00:00:00.000Z,PHI,SAS
13157,2024-01-23T00:30:00.000Z,TOR,MEM
13158,2024-01-23T01:00:00.000Z,MIN,CHA
13159,2024-01-23T01:30:00.000Z,DAL,BOS
13160,2024-01-23T02:00:00.000Z,PHX,CHI
13161,2024-01-23T03:00:00.000Z,SAC,ATL
13162,2024-01-24T00:00:00.000Z,IND,DEN
13163,2024-01-24T00:30:00.000Z,BKN,NYK
13164,2024-01-24T01:00:00.000Z,NOP,UTA
13165,2024-01-24T01:00:00.000Z,OKC,POR
13166,2024-01-24T03:00:00.000Z,LAC,LAL
13167,2024-01-25T00:00:00.000Z,DET,CHA
13168,2024-01-25T00:00:00.000Z,WAS,MIN
13169,2024-01-25T00:30:00.000Z,MIA,MEM
13170,2024-01-25T01:30:00.000Z,SAS,OKC
13171,2024-01-25T01:00:00.000Z,HOU,POR
13172,2024-01-25T01:00:00.000Z,MIL,CLE
13173,2024-01-25T02:30:00.000Z,DAL,PHX
13174,2024-01-25T03:00:00.000Z,GSW,ATL
13175,2024-01-26T00:00:00.000Z,IND,PHI
13176,2024-01-26T00:00:00.000Z,WAS,UTA
13177,2024-01-26T00:30:00.000Z,BKN,MIN
13178,2024-01-26T00:30:00.000Z,MIA,BOS
13179,2024-01-26T00:30:00.000Z,NYK,DEN
13180,2024-01-26T03:00:00.000Z,GSW,SAC
13181,2024-01-26T03:30:00.000Z,LAL,CHI
13182,2024-01-27T00:00:00.000Z,ATL,DAL
13183,2024-01-27T00:00:00.000Z,CHA,HOU
13184,2024-01-27T00:00:00.000Z,IND,PHX
13185,2024-01-27T00:30:00.000Z,TOR,LAC
13186,2024-01-27T01:00:00.000Z,MEM,ORL
13187,2024-01-27T01:00:00.000Z,MIL,CLE
13188,2024-01-27T01:00:00.000Z,NOP,OKC
13189,2024-01-27T02:30:00.000Z,SAS,POR
13190,2024-01-27T17:00:00.000Z,DET,WAS
13191,2024-01-27T20:00:00.000Z,NYK,MIA
13192,2024-01-27T22:30:00.000Z,DEN,PHI
13193,2024-01-27T23:00:00.000Z,BKN,HOU
13194,2024-01-28T00:00:00.000Z,BOS,LAC
13195,2024-01-28T00:00:00.000Z,CHA,UTA
13196,2024-01-28T01:00:00.000Z,MIL,NOP
13197,2024-01-28T01:30:00.000Z,SAS,MIN
13198,2024-01-28T01:30:00.000Z,GSW,LAL
13199,2024-01-28T02:00:00.000Z,DAL,SAC
13200,2024-01-28T20:30:00.000Z,IND,MEM
13201,2024-01-28T23:00:00.000Z,ATL,TOR
13202,2024-01-28T23:00:00.000Z,DET,OKC
13203,2024-01-28T23:00:00.000Z,ORL,PHX
13204,2024-01-29T02:00:00.000Z,POR,CHI
13205,2024-01-30T00:00:00.000Z,CHA,NYK
13206,2024-01-30T00:00:00.000Z,CLE,LAC
13207,2024-01-30T00:30:00.000Z,BOS,NOP
13208,2024-01-30T00:30:00.000Z,BKN,UTA
13209,2024-01-30T00:30:00.000Z,MIA,PHX
13210,2024-01-30T01:00:00.000Z,HOU,LAL
13211,2024-01-30T01:00:00.000Z,MEM,SAC
13212,2024-01-30T01:00:00.000Z,OKC,MIN
13213,2024-01-30T01:00:00.000Z,SAS,WAS
13214,2024-01-30T01:30:00.000Z,DAL,ORL
13215,2024-01-30T02:00:00.000Z,DEN,MIL
13216,2024-01-30T03:00:00.000Z,POR,PHI
13217,2024-01-31T00:30:00.000Z,ATL,LAL
13218,2024-01-31T00:30:00.000Z,BOS,IND
13219,2024-01-31T00:30:00.000Z,NYK,UTA
13220,2024-01-31T01:00:00.000Z,CHI,TOR
13221,2024-01-31T03:00:00.000Z,GSW,PHI
13222,2024-02-01T00:00:00.000Z,CHA,CHI
13223,2024-02-01T00:00:00.000Z,CLE,DET
13224,2024-02-01T00:00:00.000Z,WAS,LAC
13225,2024-02-01T01:30:00.000Z,BKN,PHX
13226,2024-02-01T00:30:00.000Z,MIA,SAC
13227,2024-02-01T01:00:00.000Z,HOU,NOP
13228,2024-02-01T01:00:00.000Z,MIN,DAL
13229,2024-02-01T01:00:00.000Z,SAS,ORL
13230,2024-02-01T01:00:00.000Z,OKC,DEN
13231,2024-02-01T03:00:00.000Z,POR,MIL
13232,2024-02-02T00:30:00.000Z,BOS,LAL
13233,2024-02-02T00:30:00.000Z,NYK,IND
13234,2024-02-02T02:00:00.000Z,UTA,PHI
13235,2024-02-02T03:00:00.000Z,MEM,CLE
13236,2024-02-03T00:00:00.000Z,DET,LAC
13237,2024-02-03T00:00:00.000Z,WAS,MIA
13238,2024-02-03T00:30:00.000Z,ATL,PHX
13239,2024-02-03T00:30:00.000Z,IND,SAC
13240,2024-02-03T01:00:00.000Z,HOU,TOR
13241,2024-02-03T01:00:00.000Z,MEM,GSW
13242,2024-02-03T01:00:00.000Z,MIN,ORL
13243,2024-02-03T01:00:00.000Z,OKC,CHA
13244,2024-02-03T01:00:00.000Z,SAS,NOP
13245,2024-02-03T02:00:00.000Z,DEN,POR
13246,2024-02-03T23:00:00.000Z,PHI,BKN
13247,2024-02-04T00:30:00.000Z,ATL,GSW
13248,2024-02-04T01:00:00.000Z,CHI,SAC
13249,2024-02-04T01:30:00.000Z,NYK,LAL
13250,2024-02-04T01:30:00.000Z,DAL,MIL
13251,2024-02-04T01:30:00.000Z,SAS,CLE
13252,2024-02-04T20:00:00.000Z,DET,ORL
13253,2024-02-04T20:30:00.000Z,WAS,PHX
13254,2024-02-04T23:00:00.000Z,BOS,MEM
13255,2024-02-04T23:00:00.000Z,CHA,IND
13256,2024-02-04T23:00:00.000Z,MIA,LAC
13257,2024-02-05T00:00:00.000Z,MIN,HOU
13258,2024-02-05T00:00:00.000Z,OKC,TOR
13259,2024-02-05T01:00:00.000Z,UTA,MIL
13260,2024-02-05T01:30:00.000Z,DEN,POR
13261,2024-02-06T00:00:00.000Z,CHA,LAL
13262,2024-02-06T00:00:00.000Z,CLE,SAC
13263,2024-02-06T00:00:00.000Z,PHI,DAL
13264,2024-02-06T00:30:00.000Z,ATL,LAC
13265,2024-02-06T00:30:00.000Z,BKN,GSW
13266,2024-02-06T01:00:00.000Z,NOP,TOR
13267,2024-02-07T00:00:00.000Z,IND,HOU
13268,2024-02-07T00:30:00.000Z,BKN,DAL
13269,2024-02-07T00:30:00.000Z,MIA,ORL
13270,2024-02-07T00:30:00.000Z,NYK,MEM
13271,2024-02-07T01:00:00.000Z,CHI,MIN
13272,2024-02-07T02:00:00.000Z,UTA,OKC
13273,2024-02-07T03:00:00.000Z,PHX,MIL
13274,2024-02-08T00:00:00.000Z,CHA,TOR
13275,2024-02-08T00:00:00.000Z,PHI,GSW
13276,2024-02-08T00:00:00.000Z,WAS,CLE
13277,2024-02-08T00:30:00.000Z,BOS,ATL
13278,2024-02-08T00:30:00.000Z,MIA,SAS
13279,2024-02-08T03:00:00.000Z,LAC,NOP
13280,2024-02-08T03:00:00.000Z,SAC,DET
13281,2024-02-09T00:00:00.000Z,IND,GSW
13282,2024-02-09T00:00:00.000Z,ORL,SAS
13283,2024-02-09T00:30:00.000Z,BKN,CLE
13284,2024-02-09T00:30:00.000Z,NYK,DAL
13285,2024-02-09T01:00:00.000Z,MEM,CHI
13286,2024-02-09T01:00:00.000Z,MIL,MIN
13287,2024-02-09T02:00:00.000Z,PHX,UTA
13288,2024-02-09T03:00:00.000Z,LAL,DEN
13289,2024-02-09T03:00:00.000Z,POR,DET
13290,2024-02-10T00:00:00.000Z,PHI,ATL
13291,2024-02-10T00:30:00.000Z,BOS,WAS
13292,2024-02-10T00:30:00.000Z,TOR,HOU
13293,2024-02-10T01:00:00.000Z,MIL,CHA
13294,2024-02-10T03:00:00.000Z,SAC,DEN
13295,2024-02-10T03:30:00.000Z,LAL,NOP
13296,2024-02-10T20:00:00.000Z,DAL,OKC
13297,2024-02-10T20:30:00.000Z,LAC,DET
13298,2024-02-10T23:00:00.000Z,BKN,SAS
13299,2024-02-11T00:00:00.000Z,CHA,MEM
13300,2024-02-11T00:00:00.000Z,ORL,CHI
13301,2024-02-11T00:00:00.000Z,WAS,PHI
13302,2024-02-11T00:30:00.000Z,ATL,HOU
13303,2024-02-11T00:30:00.000Z,NYK,IND
13304,2024-02-11T00:30:00.000Z,TOR,CLE
13305,2024-02-11T01:30:00.000Z,GSW,PHX
13306,2024-02-11T03:00:00.000Z,POR,NOP
13307,2024-02-11T19:00:00.000Z,MIA,BOS
13308,2024-02-11T20:00:00.000Z,OKC,SAC
13309,2024-02-13T00:00:00.000Z,CHA,IND
13310,2024-02-13T00:00:00.000Z,CLE,PHI
13311,2024-02-13T00:30:00.000Z,ATL,CHI
13312,2024-02-13T00:30:00.000Z,TOR,SAS
13313,2024-02-13T01:00:00.000Z,HOU,NYK
13314,2024-02-13T01:00:00.000Z,MEM,NOP
13315,2024-02-13T01:00:00.000Z,MIL,DEN
13316,2024-02-13T01:30:00.000Z,DAL,WAS
13317,2024-02-13T02:00:00.000Z,UTA,GSW
13318,2024-02-13T03:30:00.000Z,LAC,MIN
13319,2024-02-14T00:30:00.000Z,BKN,BOS
13320,2024-02-14T00:30:00.000Z,ORL,OKC
13321,2024-02-14T01:00:00.000Z,MIL,MIA
13322,2024-02-14T03:00:00.000Z,PHX,SAC
13323,2024-02-14T03:00:00.000Z,POR,MIN
13324,2024-02-14T03:30:00.000Z,LAL,DET
13325,2024-02-15T00:00:00.000Z,CHA,ATL
13326,2024-02-15T00:00:00.000Z,ORL,NYK
13327,2024-02-15T00:00:00.000Z,PHI,MIA
13328,2024-02-15T00:30:00.000Z,BOS,BKN
13329,2024-02-15T00:30:00.000Z,CLE,CHI
13330,2024-02-15T00:30:00.000Z,TOR,IND
13331,2024-02-15T01:00:00.000Z,MEM,HOU
13332,2024-02-15T01:00:00.000Z,NOP,WAS
13333,2024-02-15T01:30:00.000Z,DAL,SAS
13334,2024-02-15T02:00:00.000Z,DEN,SAC
13335,2024-02-15T02:00:00.000Z,PHX,DET
13336,2024-02-15T02:00:00.000Z,UTA,LAL
13337,2024-02-15T03:00:00.000Z,GSW,LAC
13338,2024-02-16T01:30:00.000Z,MEM,MIL
13339,2024-02-16T03:00:00.000Z,POR,MIN
13340,2024-02-23T00:00:00.000Z,CLE,ORL
13341,2024-02-23T00:00:00.000Z,IND,DET
13342,2024-02-23T00:00:00.000Z,PHI,NYK
13343,2024-02-23T00:00:00.000Z,TOR,BKN
13344,2024-02-23T00:30:00.000Z,DAL,PHX
13345,2024-02-23T01:00:00.000Z,CHI,BOS
13346,2024-02-23T01:00:00.000Z,NOP,HOU
13347,2024-02-23T01:00:00.000Z,OKC,LAC
13348,2024-02-23T02:00:00.000Z,DEN,WAS
13349,2024-02-23T02:00:00.000Z,UTA,CHA
13350,2024-02-23T03:00:00.000Z,GSW,LAL
13351,2024-02-23T03:00:00.000Z,SAC,SAS
13352,2024-02-24T00:30:00.000Z,ATL,TOR
13353,2024-02-24T00:30:00.000Z,PHI,CLE
13354,2024-02-24T01:00:00.000Z,HOU,PHX
13355,2024-02-24T01:00:00.000Z,MEM,LAC
13356,2024-02-24T01:00:00.000Z,MIN,MIL
13357,2024-02-24T01:00:00.000Z,OKC,WAS
13358,2024-02-24T03:00:00.000Z,NOP,MIA
13359,2024-02-24T03:00:00.000Z,GSW,CHA
13360,2024-02-24T03:00:00.000Z,POR,DEN
13361,2024-02-24T03:30:00.000Z,LAL,SAS
13362,2024-02-25T01:00:00.000Z,DET,ORL
13363,2024-02-25T01:00:00.000Z,MIN,BKN
13364,2024-02-25T01:30:00.000Z,NYK,BOS
13365,2024-02-25T18:00:00.000Z,PHI,MIL
13366,2024-02-25T20:30:00.000Z,PHX,LAL
13367,2024-02-25T22:00:00.000Z,IND,DAL
13368,2024-02-25T23:00:00.000Z,WAS,CLE
13369,2024-02-26T00:00:00.000Z,ATL,ORL
13370,2024-02-26T00:00:00.000Z,HOU,OKC
13371,2024-02-26T00:00:00.000Z,NOP,CHI
13372,2024-02-26T00:00:00.000Z,GSW,DEN
13373,2024-02-26T01:00:00.000Z,UTA,SAS
13374,2024-02-26T02:00:00.000Z,POR,CHA
13375,2024-02-26T02:30:00.000Z,LAC,SAC
13376,2024-02-27T00:00:00.000Z,DET,NYK
13377,2024-02-27T00:00:00.000Z,IND,TOR
13378,2024-02-27T01:00:00.000Z,MEM,BKN
13379,2024-02-27T03:00:00.000Z,SAC,MIA
13380,2024-02-28T00:00:00.000Z,CLE,DAL
13381,2024-02-28T00:00:00.000Z,ORL,BKN
13382,2024-02-28T00:00:00.000Z,WAS,GSW
13383,2024-02-28T00:30:00.000Z,ATL,UTA
13384,2024-02-28T00:30:00.000Z,BOS,PHI
13385,2024-02-28T00:30:00.000Z,NYK,NOP
13386,2024-02-28T00:30:00.000Z,MIN,SAS
13387,2024-02-28T01:00:00.000Z,CHI,DET
13388,2024-02-28T01:00:00.000Z,MIL,CHA
13389,2024-02-28T01:00:00.000Z,OKC,HOU
13390,2024-02-28T03:00:00.000Z,POR,MIA
13391,2024-02-29T00:00:00.000Z,IND,NOP
13392,2024-02-29T00:30:00.000Z,TOR,DAL
13393,2024-02-29T00:30:00.000Z,MIN,MEM
13394,2024-02-29T01:00:00.000Z,CHI,CLE
13395,2024-02-29T02:00:00.000Z,DEN,SAC
13396,2024-02-29T03:00:00.000Z,LAC,LAL
13397,2024-03-01T00:00:00.000Z,CHA,MIL
13398,2024-03-01T00:00:00.000Z,ORL,UTA
13399,2024-03-01T00:30:00.000Z,BKN,ATL
13400,2024-03-01T00:30:00.000Z,NYK,GSW
13401,2024-03-01T01:30:00.000Z,SAS,OKC
13402,2024-03-01T02:00:00.000Z,PHX,HOU
13403,2024-03-01T03:00:00.000Z,DEN,MIA
13404,2024-03-01T03:30:00.000Z,LAL,WAS
13405,2024-03-02T00:00:00.000Z,DET,CLE
13406,2024-03-02T00:00:00.000Z,PHI,CHA
13407,2024-03-02T00:30:00.000Z,BOS,DAL
13408,2024-03-02T00:30:00.000Z,TOR,GSW
13409,2024-03-02T01:00:00.000Z,MEM,POR
13410,2024-03-02T01:00:00.000Z,MIN,SAC
13411,2024-03-02T01:00:00.000Z,NOP,IND
13412,2024-03-02T03:00:00.000Z,CHI,MIL
13413,2024-03-02T03:30:00.000Z,LAC,WAS
13414,2024-03-02T20:00:00.000Z,BKN,ATL
13415,2024-03-02T22:00:00.000Z,MIA,UTA
13416,2024-03-03T01:00:00.000Z,MEM,POR
13417,2024-03-03T01:30:00.000Z,LAL,DEN
13418,2024-03-03T02:00:00.000Z,PHX,HOU
13419,2024-03-03T18:00:00.000Z,DAL,PHI
13420,2024-03-03T20:30:00.000Z,BOS,GSW
13421,2024-03-03T20:30:00.000Z,MIN,LAC
13422,2024-03-03T23:00:00.000Z,ORL,DET
13423,2024-03-03T23:00:00.000Z,TOR,CHA
13424,2024-03-04T00:00:00.000Z,CLE,NYK
13425,2024-03-04T00:00:00.000Z,SAS,IND
13426,2024-03-04T02:30:00.000Z,PHX,OKC
13427,2024-03-05T00:30:00.000Z,BKN,MEM
13428,2024-03-05T01:00:00.000Z,MIL,LAC
13429,2024-03-05T01:00:00.000Z,MIN,POR
13430,2024-03-05T02:00:00.000Z,UTA,WAS
13431,2024-03-05T03:00:00.000Z,SAC,CHI
13432,2024-03-05T03:30:00.000Z,LAL,OKC
13433,2024-03-06T00:00:00.000Z,CHA,ORL
13434,2024-03-06T00:00:00.000Z,CLE,BOS
13435,2024-03-06T00:30:00.000Z,BKN,PHI
13436,2024-03-06T00:30:00.000Z,MIA,DET
13437,2024-03-06T00:30:00.000Z,NYK,ATL
13438,2024-03-06T00:30:00.000Z,TOR,NOP
13439,2024-03-06T01:00:00.000Z,HOU,SAS
13440,2024-03-06T01:30:00.000Z,DAL,IND
13441,2024-03-06T03:00:00.000Z,DEN,PHX
13442,2024-03-07T00:00:00.000Z,WAS,ORL
13443,2024-03-07T00:30:00.000Z,ATL,CLE
13444,2024-03-07T00:30:00.000Z,PHI,MEM
13445,2024-03-07T01:00:00.000Z,HOU,LAC
13446,2024-03-07T02:00:00.000Z,UTA,CHI
13447,2024-03-07T03:00:00.000Z,GSW,MIL
13448,2024-03-07T03:00:00.000Z,POR,OKC
13449,2024-03-07T03:30:00.000Z,LAL,SAC
13450,2024-03-08T00:00:00.000Z,DET,BKN
13451,2024-03-08T00:00:00.000Z,IND,MIN
13452,2024-03-08T00:30:00.000Z,DAL,MIA
13453,2024-03-08T02:00:00.000Z,PHX,TOR
13454,2024-03-08T03:00:00.000Z,DEN,BOS
13455,2024-03-08T03:00:00.000Z,GSW,CHI
13456,2024-03-08T03:00:00.000Z,SAC,SAS
13457,2024-03-09T00:00:00.000Z,PHI,NOP
13458,2024-03-09T00:00:00.000Z,WAS,CHA
13459,2024-03-09T00:30:00.000Z,CLE,MIN
13460,2024-03-09T00:30:00.000Z,NYK,ORL
13461,2024-03-09T00:30:00.000Z,MEM,ATL
13462,2024-03-09T01:00:00.000Z,OKC,MIA
13463,2024-03-09T03:00:00.000Z,LAL,MIL
13464,2024-03-09T03:00:00.000Z,POR,HOU
13465,2024-03-09T21:00:00.000Z,LAC,CHI
13466,2024-03-10T00:00:00.000Z,CHA,BKN
13467,2024-03-10T00:00:00.000Z,DET,DAL
13468,2024-03-10T01:30:00.000Z,PHX,BOS
13469,2024-03-10T01:30:00.000Z,GSW,SAS
13470,2024-03-10T02:00:00.000Z,DEN,UTA
13471,2024-03-10T03:00:00.000Z,POR,TOR
13472,2024-03-10T19:00:00.000Z,LAC,MIL
13473,2024-03-10T22:00:00.000Z,ATL,NOP
13474,2024-03-10T22:00:00.000Z,MIA,WAS
13475,2024-03-10T22:00:00.000Z,NYK,PHI
13476,2024-03-10T22:00:00.000Z,ORL,IND
13477,2024-03-10T22:00:00.000Z,SAC,HOU
13478,2024-03-10T23:00:00.000Z,CLE,BKN
13479,2024-03-10T23:00:00.000Z,OKC,MEM
13480,2024-03-11T01:30:00.000Z,LAL,MIN
13481,2024-03-11T23:00:00.000Z,DET,CHA
13482,2024-03-11T23:30:00.000Z,CLE,PHX
13483,2024-03-12T00:00:00.000Z,CHI,DAL
13484,2024-03-12T00:00:00.000Z,SAS,GSW
13485,2024-03-12T01:00:00.000Z,DEN,TOR
13486,2024-03-12T02:30:00.000Z,POR,BOS
13487,2024-03-12T23:30:00.000Z,NYK,PHI
13488,2024-03-13T00:00:00.000Z,MEM,WAS
13489,2024-03-13T00:00:00.000Z,OKC,IND
13490,2024-03-13T00:30:00.000Z,SAS,HOU
13491,2024-03-13T01:00:00.000Z,UTA,BOS
13492,2024-03-13T02:00:00.000Z,LAC,MIN
13493,2024-03-13T02:00:00.000Z,SAC,MIL
13494,2024-03-13T23:00:00.000Z,DET,TOR
13495,2024-03-13T23:00:00.000Z,ORL,BKN
13496,2024-03-13T23:30:00.000Z,IND,CHI
13497,2024-03-13T23:30:00.000Z,MIA,DEN
13498,2024-03-14T00:00:00.000Z,MEM,CHA
13499,2024-03-14T00:00:00.000Z,NOP,CLE
13500,2024-03-14T00:30:00.000Z,DAL,GSW
13501,2024-03-14T02:00:00.000Z,POR,ATL
13502,2024-03-14T02:00:00.000Z,SAC,LAL
13503,2024-03-14T23:30:00.000Z,BOS,PHX
13504,2024-03-15T00:00:00.000Z,CHI,LAC
13505,2024-03-15T00:00:00.000Z,HOU,WAS
13506,2024-03-15T00:00:00.000Z,MIL,PHI
13507,2024-03-15T02:00:00.000Z,OKC,DAL
13508,2024-03-15T02:00:00.000Z,POR,NYK
13509,2024-03-15T23:00:00.000Z,CHA,PHX
13510,2024-03-15T23:00:00.000Z,DET,MIA
13511,2024-03-15T23:30:00.000Z,TOR,ORL
13512,2024-03-16T00:00:00.000Z,NOP,LAC
13513,2024-03-16T00:30:00.000Z,SAS,DEN
13514,2024-03-16T01:30:00.000Z,UTA,ATL
13515,2024-03-16T21:00:00.000Z,HOU,CLE
13516,2024-03-16T23:00:00.000Z,IND,BKN
13517,2024-03-16T23:00:00.000Z,PHI,CHA
13518,2024-03-16T23:00:00.000Z,NOP,POR
13519,2024-03-17T00:00:00.000Z,CHI,WAS
13520,2024-03-17T00:00:00.000Z,MEM,OKC
13521,2024-03-17T00:30:00.000Z,LAL,GSW
13522,2024-03-17T01:30:00.000Z,UTA,MIN
13523,2024-03-17T02:00:00.000Z,SAC,NYK
13524,2024-03-17T17:00:00.000Z,MIL,PHX
13525,2024-03-17T19:00:00.000Z,DET,MIA
13526,2024-03-17T19:30:00.000Z,DAL,DEN
13527,2024-03-17T22:00:00.000Z,ORL,TOR
13528,2024-03-17T22:00:00.000Z,WAS,BOS
13529,2024-03-17T23:00:00.000Z,SAS,BKN
13530,2024-03-18T01:30:00.000Z,LAC,ATL
13531,2024-03-18T23:00:00.000Z,IND,CLE
13532,2024-03-18T23:30:00.000Z,BOS,DET
13533,2024-03-18T23:30:00.000Z,PHI,MIA
13534,2024-03-19T00:00:00.000Z,CHI,POR
13535,2024-03-19T01:00:00.000Z,UTA,MIN
13536,2024-03-19T02:00:00.000Z,GSW,NYK
13537,2024-03-19T02:00:00.000Z,SAC,MEM
13538,2024-03-19T02:30:00.000Z,LAL,ATL
13539,2024-03-19T23:00:00.000Z,ORL,CHA
13540,2024-03-19T23:00:00.000Z,WAS,HOU
13541,2024-03-19T23:30:00.000Z,BKN,NOP
13542,2024-03-20T00:00:00.000Z,SAS,DAL
13543,2024-03-20T01:00:00.000Z,MIN,DEN
13544,2024-03-20T23:00:00.000Z,CLE,MIA
13545,2024-03-20T23:00:00.000Z,DET,IND
13546,2024-03-20T23:30:00.000Z,BOS,MIL
13547,2024-03-20T23:30:00.000Z,TOR,SAC
13548,2024-03-21T00:00:00.000Z,OKC,UTA
13549,2024-03-21T02:00:00.000Z,GSW,MEM
13550,2024-03-21T02:00:00.000Z,PHX,PHI
13551,2024-03-21T02:00:00.000Z,POR,LAC
13552,2024-03-21T23:00:00.000Z,ORL,NOP
13553,2024-03-21T23:00:00.000Z,WAS,SAC
13554,2024-03-22T00:00:00.000Z,HOU,CHI
13555,2024-03-22T00:00:00.000Z,MIL,BKN
13556,2024-03-22T00:30:00.000Z,DAL,UTA
13557,2024-03-22T01:00:00.000Z,DEN,NYK
13558,2024-03-22T02:30:00.000Z,PHX,ATL
13559,2024-03-22T23:00:00.000Z,DET,BOS
13560,2024-03-22T23:00:00.000Z,TOR,OKC
13561,2024-03-23T00:00:00.000Z,MIA,NOP
13562,2024-03-23T00:00:00.000Z,MIN,CLE
13563,2024-03-23T00:00:00.000Z,SAS,MEM
13564,2024-03-23T02:00:00.000Z,GSW,IND
13565,2024-03-23T02:00:00.000Z,POR,LAC
13566,2024-03-23T02:30:00.000Z,LAL,PHI
13567,2024-03-23T17:00:00.000Z,NYK,BKN
13568,2024-03-23T23:00:00.000Z,ORL,SAC
13569,2024-03-23T23:30:00.000Z,ATL,CHA
13570,2024-03-24T00:00:00.000Z,WAS,TOR
13571,2024-03-24T00:00:00.000Z,CHI,BOS
13572,2024-03-24T00:00:00.000Z,HOU,UTA
13573,2024-03-24T00:00:00.000Z,SAS,PHX
13574,2024-03-24T02:00:00.000Z,POR,DEN
13575,2024-03-24T19:00:00.000Z,DET,NOP
13576,2024-03-24T19:30:00.000Z,LAC,PHI
13577,2024-03-24T22:00:00.000Z,MIA,CLE
13578,2024-03-24T23:00:00.000Z,MIL,OKC
13579,2024-03-24T23:00:00.000Z,MIN,GSW
13580,2024-03-25T02:00:00.000Z,LAL,IND
13581,2024-03-25T23:00:00.000Z,CLE,CHA
13582,2024-03-25T23:30:00.000Z,ATL,BOS
13583,2024-03-25T23:30:00.000Z,NYK,DET
13584,2024-03-25T23:30:00.000Z,TOR,BKN
13585,2024-03-26T00:00:00.000Z,CHI,WAS
13586,2024-03-26T00:00:00.000Z,HOU,POR
13587,2024-03-26T00:00:00.000Z,SAS,PHX
13588,2024-03-26T01:00:00.000Z,DEN,MEM
13589,2024-03-26T01:00:00.000Z,UTA,DAL
13590,2024-03-26T02:00:00.000Z,SAC,PHI
13591,2024-03-26T02:30:00.000Z,LAC,IND
13592,2024-03-26T23:30:00.000Z,MIA,GSW
13593,2024-03-26T23:30:00.000Z,MIL,LAL
13594,2024-03-27T00:00:00.000Z,NOP,OKC
13595,2024-03-27T02:00:00.000Z,SAC,DAL
13596,2024-03-27T23:00:00.000Z,CHA,CLE
13597,2024-03-27T23:00:00.000Z,ORL,GSW
13598,2024-03-27T23:00:00.000Z,WAS,BKN
13599,2024-03-27T23:30:00.000Z,ATL,POR
13600,2024-03-27T23:30:00.000Z,PHI,LAC
13601,2024-03-27T23:30:00.000Z,TOR,NYK
13602,2024-03-28T00:00:00.000Z,CHI,IND
13603,2024-03-28T00:00:00.000Z,MEM,LAL
13604,2024-03-28T00:00:00.000Z,MIN,DET
13605,2024-03-28T00:00:00.000Z,OKC,HOU
13606,2024-03-28T01:00:00.000Z,UTA,SAS
13607,2024-03-28T02:00:00.000Z,DEN,PHX
13608,2024-03-28T23:30:00.000Z,ATL,BOS
13609,2024-03-29T00:00:00.000Z,NOP,MIL
13610,2024-03-29T23:00:00.000Z,CHA,GSW
13611,2024-03-29T23:00:00.000Z,IND,LAL
13612,2024-03-29T23:00:00.000Z,ORL,LAC
13613,2024-03-29T23:00:00.000Z,WAS,DET
13614,2024-03-29T23:30:00.000Z,BKN,CHI
13615,2024-03-29T23:30:00.000Z,CLE,PHI
13616,2024-03-30T00:00:00.000Z,MIA,POR
13617,2024-03-30T00:00:00.000Z,OKC,PHX
13618,2024-03-30T00:00:00.000Z,SAS,NYK
13619,2024-03-30T01:00:00.000Z,DEN,MIN
13620,2024-03-30T01:30:00.000Z,UTA,HOU
13621,2024-03-30T02:00:00.000Z,SAC,DAL
13622,2024-03-30T21:00:00.000Z,NOP,BOS
13623,2024-03-30T23:00:00.000Z,ORL,MEM
13624,2024-03-30T23:30:00.000Z,ATL,MIL
13625,2024-03-31T19:30:00.000Z,DEN,CLE
13626,2024-03-31T22:00:00.000Z,BKN,LAL
13627,2024-03-31T22:00:00.000Z,CHA,LAC
13628,2024-03-31T22:00:00.000Z,TOR,PHI
13629,2024-03-31T22:00:00.000Z,WAS,MIA
13630,2024-03-31T23:00:00.000Z,NYK,OKC
13631,2024-03-31T23:00:00.000Z,HOU,DAL
13632,2024-03-31T23:00:00.000Z,MIN,CHI
13633,2024-03-31T23:00:00.000Z,SAS,GSW
13634,2024-04-01T01:00:00.000Z,SAC,UTA
13635,2024-04-01T23:00:00.000Z,CHA,BOS
13636,2024-04-01T23:00:00.000Z,DET,MEM
13637,2024-04-01T23:00:00.000Z,IND,BKN
13638,2024-04-01T23:00:00.000Z,ORL,POR
13639,2024-04-02T00:00:00.000Z,CHI,ATL
13640,2024-04-02T00:00:00.000Z,NOP,PHX
13641,2024-04-02T23:00:00.000Z,PHI,OKC
13642,2024-04-02T23:00:00.000Z,TOR,LAL
13643,2024-04-02T23:00:00.000Z,WAS,MIL
13644,2024-04-02T23:30:00.000Z,MIA,NYK
13645,2024-04-02T23:30:00.000Z,DAL,GSW
13646,2024-04-03T00:00:00.000Z,MIN,HOU
13647,2024-04-03T01:00:00.000Z,DEN,SAS
13648,2024-04-03T01:00:00.000Z,UTA,CLE
13649,2024-04-03T02:00:00.000Z,SAC,LAC
13650,2024-04-03T23:00:00.000Z,CHA,POR
13651,2024-04-03T23:00:00.000Z,WAS,LAL
13652,2024-04-03T23:30:00.000Z,ATL,DET
13653,2024-04-03T23:30:00.000Z,BOS,OKC
13654,2024-04-03T23:30:00.000Z,BKN,IND
13655,2024-04-03T23:30:00.000Z,MIL,MEM
13656,2024-04-04T00:00:00.000Z,MIN,TOR
13657,2024-04-04T00:00:00.000Z,NOP,ORL
13658,2024-04-04T02:00:00.000Z,PHX,CLE
13659,2024-04-04T23:30:00.000Z,MIA,PHI
13660,2024-04-04T23:30:00.000Z,NYK,SAC
13661,2024-04-05T00:00:00.000Z,HOU,GSW
13662,2024-04-05T02:00:00.000Z,LAC,DEN
13663,2024-04-05T23:00:00.000Z,CHA,ORL
13664,2024-04-05T23:00:00.000Z,IND,OKC
13665,2024-04-05T23:00:00.000Z,WAS,POR
13666,2024-04-05T23:30:00.000Z,BOS,SAC
13667,2024-04-06T00:00:00.000Z,CHI,NYK
13668,2024-04-06T00:00:00.000Z,HOU,MIA
13669,2024-04-06T00:00:00.000Z,MEM,DET
13670,2024-04-06T00:00:00.000Z,MIL,TOR
13671,2024-04-06T00:00:00.000Z,NOP,SAS
13672,2024-04-06T00:30:00.000Z,DAL,ATL
13673,2024-04-06T02:00:00.000Z,PHX,MIN
13674,2024-04-06T02:30:00.000Z,LAC,UTA
13675,2024-04-06T19:30:00.000Z,LAL,CLE
13676,2024-04-06T23:00:00.000Z,BKN,DET
13677,2024-04-07T00:00:00.000Z,MEM,PHI
13678,2024-04-07T01:00:00.000Z,DEN,ATL
13679,2024-04-07T19:30:00.000Z,DAL,HOU
13680,2024-04-07T19:30:00.000Z,LAC,CLE
13681,2024-04-07T21:00:00.000Z,IND,MIA
13682,2024-04-07T22:00:00.000Z,BOS,POR
13683,2024-04-07T22:00:00.000Z,CHA,OKC
13684,2024-04-07T22:00:00.000Z,ORL,CHI
13685,2024-04-07T22:00:00.000Z,TOR,WAS
13686,2024-04-07T22:00:00.000Z,PHX,NOP
13687,2024-04-07T23:00:00.000Z,MIL,NYK
13688,2024-04-07T23:00:00.000Z,SAS,PHI
13689,2024-04-07T23:30:00.000Z,BKN,SAC
13690,2024-04-08T00:30:00.000Z,GSW,UTA
13691,2024-04-08T02:00:00.000Z,LAL,MIN
13692,2024-04-09T23:00:00.000Z,CHA,DAL
13693,2024-04-09T23:00:00.000Z,PHI,DET
13694,2024-04-09T23:00:00.000Z,TOR,IND
13695,2024-04-09T23:30:00.000Z,ATL,MIA
13696,2024-04-09T23:30:00.000Z,MIL,BOS
13697,2024-04-10T00:00:00.000Z,CHI,NYK
13698,2024-04-10T00:00:00.000Z,HOU,ORL
13699,2024-04-10T00:00:00.000Z,MEM,SAS
13700,2024-04-10T00:00:00.000Z,MIN,WAS
13701,2024-04-10T00:00:00.000Z,OKC,SAC
13702,2024-04-10T01:00:00.000Z,UTA,DEN
13703,2024-04-10T02:00:00.000Z,LAL,GSW
13704,2024-04-10T02:00:00.000Z,PHX,LAC
13705,2024-04-10T02:00:00.000Z,POR,NOP
13706,2024-04-10T23:00:00.000Z,CLE,MEM
13707,2024-04-10T23:30:00.000Z,ATL,CHA
13708,2024-04-10T23:30:00.000Z,BKN,TOR
13709,2024-04-10T23:30:00.000Z,MIA,DAL
13710,2024-04-11T00:00:00.000Z,MIL,ORL
13711,2024-04-11T00:00:00.000Z,OKC,SAS
13712,2024-04-11T02:00:00.000Z,DEN,MIN
13713,2024-04-11T02:30:00.000Z,LAC,PHX
13714,2024-04-11T23:00:00.000Z,DET,CHI
13715,2024-04-11T23:30:00.000Z,BOS,NYK
13716,2024-04-12T01:00:00.000Z,UTA,HOU
13717,2024-04-12T02:00:00.000Z,POR,GSW
13718,2024-04-12T02:00:00.000Z,SAC,NOP
13719,2024-04-12T23:00:00.000Z,PHI,ORL
13720,2024-04-12T23:00:00.000Z,WAS,CHI
13721,2024-04-12T23:30:00.000Z,BOS,CHA
13722,2024-04-12T23:30:00.000Z,CLE,IND
13723,2024-04-12T23:30:00.000Z,NYK,BKN
13724,2024-04-13T00:00:00.000Z,MIA,TOR
13725,2024-04-13T00:00:00.000Z,MEM,LAL
13726,2024-04-13T00:00:00.000Z,MIN,ATL
13727,2024-04-13T00:00:00.000Z,OKC,MIL
13728,2024-04-13T00:00:00.000Z,SAS,DEN
13729,2024-04-13T00:30:00.000Z,DAL,DET
13730,2024-04-13T02:00:00.000Z,GSW,NOP
13731,2024-04-13T02:00:00.000Z,POR,HOU
13732,2024-04-13T02:30:00.000Z,LAC,UTA
13733,2024-04-13T02:30:00.000Z,SAC,PHX
13734,2024-04-14T17:00:00.000Z,BOS,WAS
13735,2024-04-14T17:00:00.000Z,CLE,CHA
13736,2024-04-14T17:00:00.000Z,IND,ATL
13737,2024-04-14T17:00:00.000Z,MIA,TOR
13738,2024-04-14T17:00:00.000Z,NYK,CHI
13739,2024-04-14T17:00:00.000Z,ORL,MIL
13740,2024-04-14T17:00:00.000Z,PHI,BKN
13741,2024-04-14T19:30:00.000Z,MEM,DEN
13742,2024-04-14T19:30:00.000Z,MIN,PHX
13743,2024-04-14T19:30:00.000Z,NOP,LAL
13744,2024-04-14T19:30:00.000Z,OKC,DAL
13745,2024-04-14T19:30:00.000Z,SAS,DET
13746,2024-04-14T19:30:00.000Z,GSW,UTA
13747,2024-04-14T19:30:00.000Z,LAC,HOU
13748,2024-04-14T19:30:00.000Z,SAC,POR
13749,2023-12-05T00:30:00.000Z,IND,BOS
13750,2023-12-05T03:00:00.000Z,SAC,NOP
13751,2023-12-06T00:30:00.000Z,MIL,NYK
13752,2023-12-06T03:00:00.000Z,LAL,PHX
13753,2023-12-07T00:00:00.000Z,CLE,ORL
13754,2023-12-07T00:00:00.000Z,DET,MEM
13755,2023-12-07T00:00:00.000Z,WAS,PHI
13756,2023-12-07T00:30:00.000Z,TOR,MIA
13757,2023-12-07T00:30:00.000Z,ATL,BKN
13758,2023-12-07T00:30:00.000Z,MIN,SAS
13759,2023-12-07T01:00:00.000Z,CHI,CHA
13760,2023-12-07T01:00:00.000Z,HOU,OKC
13761,2023-12-07T01:30:00.000Z,DAL,UTA
13762,2023-12-07T03:00:00.000Z,GSW,POR
13763,2023-12-07T03:00:00.000Z,LAC,DEN
13764,2023-12-09T00:00:00.000Z,CHA,TOR
13765,2023-12-09T00:00:00.000Z,ORL,DET
13766,2023-12-09T00:00:00.000Z,PHI,ATL
13767,2023-12-09T00:30:00.000Z,BKN,WAS
13768,2023-12-09T01:00:00.000Z,MIA,CLE
13769,2023-12-09T01:00:00.000Z,MEM,MIN
13770,2023-12-09T01:00:00.000Z,OKC,GSW
13771,2023-12-09T01:30:00.000Z,SAS,CHI
13772,2023-12-09T02:00:00.000Z,DEN,HOU
13773,2023-12-09T03:00:00.000Z,UTA,LAC
13774,2023-12-09T03:00:00.000Z,POR,DAL
13775,2023-12-07T22:00:00.000Z,MIL,IND
13776,2023-12-08T02:00:00.000Z,LAL,NOP
13777,2023-12-09T00:30:00.000Z,BOS,NYK
13778,2023-12-09T02:00:00.000Z,PHX,SAC
